latitude,longitude,acq_date,grid_id,week,month,is_fire_season,is_santa_ana_season,month_sin,month_cos,week_sin,week_cos,season,tmax,ppt,vpdmax,hot_dry_index,high_temp_day,low_rain_day,hot_dry_day,drought_category,vpd_extreme,vpd_anomaly,vpd_risk_category,tmax_7day_mean,ppt_7day_mean,vpd_7day_mean,fire_weather_index,drought_weather_index,fire_risk_index,fire,frp,brightness,frp_log,brightness_normalized,vbdmax,vbd_7day_mean
38.018615400017225,-120.7035470731203,2023-06-02,10S_701_4210,22,6,1,0,1.2246467991473532e-16,-1.0,0.46472317204376906,-0.8854560256532096,1,75.73654244631156,0.05954917306054228,31.17996213378042,23.614625256194483,0,1,0,2,0,1.1799621337804211,3,72.76380162745669,0.5056257173864057,29.50003219432896,22.91150955312399,4.722925051238897,22.91150955312399,0,0.0,300.0,0.0,0.10000000000000009,0.916802399425792,0.7306809466036862
35.86696890349522,-116.57679811286296,2023-12-28,11S_538_3969,52,12,0,1,-2.4492935982947064e-16,1.0,6.432490598706546e-16,1.0,3,67.44975215299691,0.021950422958519702,10.523737672048112,7.098234977028017,0,1,0,3,0,0.523737672048112,1,68.48145324994361,0.1477305772810608,14.177848000446268,7.0203303470256575,2.129470493108405,9.360440462700877,0,0.0,300.0,0.0,0.10000000000000009,1.7934449730416506,-2.0587225424858944
38.25824462298689,-122.08867083161086,2023-09-26,10S_579_4234,39,9,1,0,-1.0,-1.8369701987210297e-16,-1.0,-1.8369701987210297e-16,2,83.18757350535421,0.48449382349320624,22.51365090409311,18.7285598945813,0,0,0,3,0,2.5136509040931116,2,82.41729024277336,2.5745608600615757,20.996346822212605,14.191624098657693,5.61856796837439,18.922165464876922,1,7.449862844366606,353.21563205473905,2.134150209801447,0.5817497308533368,-0.2059025799030006,0.746130614901419
35.1314397600865,-116.51727180999282,2023-09-10,11S_543_3887,36,9,1,0,-1.0,-1.8369701987210297e-16,-0.9350162426854147,-0.3546048870425359,2,75.0330691414363,2.261736155771044,27.93277474955275,20.958818190953576,0,0,0,3,0,7.932774749552749,2,78.27549311617223,13.693913991665404,24.26687506252226,10.479409095476788,6.2876454572860725,13.972545460635716,1,52.15704030000639,358.48580307969445,3.9732505569754473,0.6294594615244247,-0.8923504735774656,0.43659362658166817
37.9469868366095,-116.80865723548305,2023-06-26,11S_516_4199,26,6,1,0,1.2246467991473532e-16,-1.0,-3.216245299353273e-16,-1.0,1,80.64011737039272,0.23515221430787125,28.876130327214515,23.285745387893353,0,0,0,2,0,-1.123869672785485,2,85.12649958163226,1.315974718244712,30.15424662216235,20.547898093007138,4.657149077578671,20.547898093007138,0,0.0,300.0,0.0,0.10000000000000009,0.6299960124085049,-0.9254223446858035
34.64256149976534,-116.95919945486861,2023-08-19,11S_503_3833,33,8,1,0,-0.8660254037844385,-0.5000000000000004,-0.7485107481711011,-0.6631226582407952,1,79.97711554495922,0.9722983599102126,31.419799120474515,25.128649046575983,0,0,0,0,0,1.419799120474515,3,76.2240604147437,5.857572382726775,32.235952816607906,12.912376919203405,0.0,4.304125639734468,1,0.09796509372261254,357.21135359061196,0.09345855180113842,0.6179221429838853,0.33019963040755324,-1.4827984867487054
36.61362242221295,-117.68167476304721,2023-12-12,11S_439_4052,50,12,0,1,-2.4492935982947064e-16,1.0,-0.2393156642875578,0.970941817426052,3,84.10413052973664,1.125190061661877,10.40497118270124,8.751010545080533,0,0,0,3,0,0.40497118270124055,1,87.49162881932335,5.8091987513949634,9.95976134930923,4.375505272540266,2.6253031635241597,5.834007030053688,0,0.0,300.0,0.0,0.10000000000000009,1.8006253598324249,0.12579012068604778
34.9221017376578,-116.57814168349593,2023-11-14,11S_538_3864,46,11,0,1,-0.5000000000000004,0.8660254037844384,-0.6631226582407955,0.7485107481711007,2,71.56323058674525,0.13103877037011982,17.24509474929325,12.341146920339426,0,0,0,2,0,-2.7549052507067486,1,70.43286371342235,1.1375391749353865,16.208487864932597,11.53256256164029,2.468229384067885,11.53256256164029,0,0.0,300.0,0.0,0.10000000000000009,0.4275232656956881,0.36460319852512346
34.182300468144945,-114.53034366732135,2023-08-21,11S_727_3785,34,8,1,0,-0.8660254037844385,-0.5000000000000004,-0.8229838658936564,-0.5680647467311559,1,76.23128768915811,0.8202090611712051,22.7774021813083,17.363506984949705,0,0,0,1,0,-7.2225978186917,2,78.05391451568943,6.7448212779947,21.994771409591372,10.242654103567075,1.7363506984949706,6.828436069044717,0,0.0,300.0,0.0,0.10000000000000009,-0.05471193241162734,-2.000414527684293
32.98247600043064,-114.5789937838422,2023-06-16,11S_726_3651,24,6,1,0,1.2246467991473532e-16,-1.0,0.23931566428755768,-0.970941817426052,1,66.203457212156,0.2173696878727301,32.02160610739152,21.199410297952078,0,0,0,0,0,2.02160610739152,3,66.68084152774028,1.4032236263469355,32.04710807585948,18.895355698176182,0.0,6.29845189939206,0,0.0,300.0,0.0,0.10000000000000009,-1.8951187735556125,-0.4507354576011094
34.618011415008645,-119.3670765278751,2023-07-08,11S_282_3833,27,7,1,0,-0.4999999999999997,-0.8660254037844388,-0.12053668025532283,-0.992708874098054,1,95.72853606749464,0.578976157321874,31.558915185699004,30.210887506051915,1,0,0,2,0,1.5589151856990036,3,98.76834782490275,4.549054590413713,32.17809982696535,21.46519572728324,6.042177501210383,21.46519572728324,1,82.84149921964577,344.2858816396986,4.428928102326567,0.5009106109757759,0.21673876152302607,1.3429765910829654
39.199066053408124,-115.4288001036674,2023-07-02,11S_635_4340,26,7,1,0,-0.4999999999999997,-0.8660254037844388,-3.216245299353273e-16,-1.0,1,90.37127485242529,0.4742366441539847,34.90843182780801,31.547194873779887,1,0,0,0,0,4.908431827808009,3,90.4951255483808,3.608598270216519,37.51499471468383,24.066776959073305,0.0,8.022258986357768,1,42.39888000770679,378.77467998545615,3.7704336344993346,0.8131303230978286,0.7704008542908252,-0.28608513798012886
33.45511109748584,-120.11489782624002,2024-04-27,10S_768_3705,17,4,0,0,0.8660254037844387,-0.4999999999999998,0.8854560256532099,-0.4647231720437685,0,94.23960291665537,0.10024408603235256,14.46679155690614,13.633446918008572,1,0,0,1,0,-0.5332084430938604,1,96.08959235251024,0.7802318054819481,14.462681805331597,12.95011070512539,1.3633446918008572,8.63340713675026,1,37.668056965441096,330.83233421080666,3.6550138577946405,0.3791185246537623,-0.2173796098653646,0.8829663367732753
37.46056942111252,-122.63922013653809,2023-11-27,10S_531_4146,48,11,0,1,-0.5000000000000004,0.8660254037844384,-0.4647231720437684,0.88545602565321,2,70.1892122071243,0.5136704554376937,21.281514958575908,14.937327695165745,0,0,0,1,0,1.281514958575908,2,69.18016219007814,2.5325879703822425,21.33115500866108,11.100895735066816,1.4937327695165745,7.4005971567112105,1,47.42024347055153,320.4668364284241,3.8799179798027543,0.28528189105544044,1.671763370994749,0.08207947293891242
38.831630738151915,-122.12701625511798,2023-09-21,10S_575_4298,38,9,1,0,-1.0,-1.8369701987210297e-16,-0.992708874098054,-0.12053668025532357,2,79.0535640083952,1.9748649840634087,12.225613338995778,9.66478306636193,0,0,0,2,0,-7.774386661004222,1,77.78589401947676,16.373502853359724,10.561976246229838,4.832391533180965,1.9329566132723859,4.832391533180965,1,102.91079600813691,390.8018586676483,4.6435328003889325,0.9220097983450848,0.5562983711141474,0.5184207057282304
34.142838652855644,-117.17564530372584,2023-09-29,11S_483_3778,39,9,1,0,-1.0,-1.8369701987210297e-16,-1.0,-1.8369701987210297e-16,2,85.43783514394246,0.7512432807263375,25.249362168641607,21.57250842454099,0,0,0,2,0,5.249362168641607,2,88.10331883629878,5.154377794961276,29.228458095766285,13.46940742336663,4.3145016849081985,13.469407423366627,0,0.0,300.0,0.0,0.10000000000000009,-0.918993102442092,0.3874958120896971
35.748621517918124,-117.3435951587723,2023-06-01,11S_468_3956,22,6,1,0,1.2246467991473532e-16,-1.0,0.46472317204376906,-0.8854560256532096,1,78.3137202718676,0.21833195625034219,26.071150301953846,20.4172877191303,0,0,0,0,0,-3.928849698046154,2,78.16231639621793,1.7128000938719457,26.387895177737988,18.1884145346084,0.0,6.062804844869466,0,0.0,300.0,0.0,0.10000000000000009,0.922579926031709,-2.451701490379285
37.77639832198844,-123.82950567770821,2023-07-15,10S_426_4181,28,7,1,0,-0.4999999999999997,-0.8660254037844388,-0.23931566428755743,-0.9709418174260521,1,69.29771396744232,0.013793902258954858,30.729302467422748,21.294704128064808,0,1,0,1,0,0.7293024674227482,3,65.99078801969259,0.1080290758590765,28.13404628726426,21.14783559437687,2.129470412806481,14.098557062917912,1,18.212970421272217,340.4853426572172,2.9555855937320215,0.46650514473937577,-0.6229719366770299,0.9249581139622408
38.48078050954591,-121.40574125502215,2023-07-26,10S_639_4260,30,7,1,0,-0.4999999999999997,-0.8660254037844388,-0.46472317204376806,-0.8854560256532101,1,87.84020012437395,0.4870689818053216,27.11876888227879,23.821180857460135,0,0,0,1,0,-2.88123111772121,2,90.60609630458868,2.5434191185325083,26.902348623924425,18.019901704638375,2.3821180857460136,12.01326780309225,0,0.0,300.0,0.0,0.10000000000000009,-0.06527966354713512,0.7151458576122057
38.170341427320444,-115.78098477069994,2023-07-01,11S_606_4225,26,7,1,0,-0.4999999999999997,-0.8660254037844388,-3.216245299353273e-16,-1.0,1,77.15851336067828,0.045879012554957736,35.40181264539963,27.315512339922964,0,1,0,2,1,5.40181264539963,3,80.9227441764749,0.2757806039232194,33.56919371832026,26.688907973128753,5.4631024679845925,26.688907973128753,0,0.0,300.0,0.0,0.10000000000000009,0.8712015924172476,0.12361503501682009
34.89016598100813,-121.16972836618662,2023-08-06,10S_667_3862,31,8,1,0,-0.8660254037844385,-0.5000000000000004,-0.5680647467311556,-0.8229838658936566,1,73.21752371338181,0.008898334733580248,26.294045960134824,19.251849336069228,0,1,0,0,0,-3.7059540398651762,2,72.56498641926368,0.052594821300471495,23.796852219366674,19.166194636252825,0.0,6.388731545417609,1,57.24143018439312,322.450024964328,4.064596960324438,0.30323527254342864,-1.916012621287796,-0.062320064293402554
37.06434023879682,-122.03898091689544,2024-01-08,10S_585_4102,2,1,0,1,0.49999999999999994,0.8660254037844387,0.23931566428755774,0.970941817426052,3,86.17331935633104,2.0954965241055628,9.001285160566024,7.756706207588594,0,0,0,4,0,-0.9987148394339762,0,84.37519867636648,15.523507111132881,8.189276114347908,3.8783531037942973,3.1026824830354376,6.463921839657162,1,89.83574292793108,348.72823193519326,4.509052852730285,0.5411262577054705,-0.14211290193745252,-1.6512421245377955
39.59685699155819,-122.81764637058063,2023-06-16,10S_515_4383,24,6,1,0,1.2246467991473532e-16,-1.0,0.23931566428755768,-0.970941817426052,1,66.20484059150911,0.5449517205474707,23.688576082640743,15.682984033910657,0,0,0,1,0,-6.311423917359257,2,66.26287664061857,3.2290203689689876,27.397155701439484,11.409749467611595,1.5682984033910656,7.606499645074397,0,0.0,300.0,0.0,0.10000000000000009,0.5493426145760723,-0.6793116157545422
36.22162515183858,-123.12656186867882,2023-06-12,10S_488_4008,24,6,1,0,1.2246467991473532e-16,-1.0,0.23931566428755768,-0.970941817426052,1,77.95398275682052,0.10369935167100644,26.91793400187674,20.983601630315324,0,0,0,2,0,-3.0820659981232588,2,82.50659784898455,0.7944659042210496,24.360964375895087,19.895608687922138,4.1967203260630646,19.895608687922138,0,0.0,300.0,0.0,0.10000000000000009,-2.1025700171902537,-2.046123111908478
38.31936812828096,-116.40477346399635,2023-07-13,11S_552_4241,28,7,1,0,-0.4999999999999997,-0.8660254037844388,-0.23931566428755743,-0.9709418174260521,1,79.52861490303998,0.1342716931059392,25.266506275205717,20.094102475060787,0,0,0,2,0,-4.7334937247942825,2,78.73642478339217,1.14954319580587,25.106989386238087,18.745067894675458,4.018820495012157,18.745067894675458,1,94.39082764827923,326.63611333177295,4.557982427587442,0.3411310348688765,-0.5753952120018869,0.2162989209749229
39.68830521677594,-122.74501493624749,2023-08-10,10S_521_4393,32,8,1,0,-0.8660254037844385,-0.5000000000000004,-0.663122658240795,-0.7485107481711013,1,75.09415783558524,0.6805459722455679,34.97278576649524,26.262518942993026,0,0,0,0,0,4.972785766495242,3,75.12566419089264,4.924657089581823,33.51653025248831,17.32609319915461,0.0,5.775364399718203,0,0.0,300.0,0.0,0.10000000000000009,0.5114929896331061,0.18094436465613173
41.08816482275798,-116.99105018380149,2023-08-22,11T_500_4548,34,8,1,0,-0.8660254037844385,-0.5000000000000004,-0.8229838658936564,-0.5680647467311559,1,81.39683518243926,0.006597574461210114,29.52051667443485,24.028766302494237,0,1,0,0,0,-0.4794833255651483,2,80.32046013766917,0.03717998301483376,30.631309552631997,23.949500515048374,0.0,7.983166838349458,1,2.3806542156336787,380.14068113713915,1.2180692456867972,0.8254964392512876,0.6427225580897016,0.5062446350988467
38.39168740003351,-123.41442833552183,2023-09-14,10S_463_4249,37,9,1,0,-1.0,-1.8369701987210297e-16,-0.970941817426052,-0.23931566428755774,2,77.2484286990243,1.7283071477123202,19.40281395819572,14.988368906101154,0,0,0,1,0,-0.5971860418042816,1,79.63591749833601,15.206355895936264,19.450216819203334,7.494184453050577,1.4988368906101155,4.9961229687003845,0,0.0,300.0,0.0,0.10000000000000009,0.09542028926449124,-0.8585109572051639
38.119168636889356,-122.21157919792289,2024-01-17,10S_569_4219,3,1,0,1,0.49999999999999994,0.8660254037844387,0.3546048870425356,0.9350162426854148,3,82.37562683835404,1.7561341091084135,8.205106088097352,6.759007572822144,0,0,0,2,0,-1.7948939119026477,0,79.51458406513532,14.001165596326192,6.578658107694091,3.3795037864110715,1.3518015145644289,3.3795037864110715,1,10.266212180291227,349.03913275805854,2.421808173979817,0.5439407763338195,-0.11913750874609964,0.02381721465105928
38.093258301582814,-117.70777494375437,2023-06-24,11S_437_4216,25,6,1,0,1.2246467991473532e-16,-1.0,0.12053668025532308,-0.992708874098054,1,73.35810332224656,0.24480417399296997,26.815876949826905,19.671618719620522,0,0,0,0,0,-3.1841230501730955,2,71.56448692180975,1.5052655276322904,27.107352966989072,17.26377153373985,0.0,5.754590511246616,0,0.0,300.0,0.0,0.10000000000000009,0.9614855447327619,-0.06745942017119716
35.86524475303874,-116.35410928869564,2023-12-25,11S_558_3969,52,12,0,1,-2.4492935982947064e-16,1.0,6.432490598706546e-16,1.0,3,76.07657630038638,1.6566921106153534,13.632481522103358,10.371125206799036,0,0,0,4,0,3.632481522103358,1,75.52132691595999,12.01834776565551,12.936050895037923,5.185562603399518,4.148450082719615,8.642604338999197,0,0.0,300.0,0.0,0.10000000000000009,0.9800611117291077,-1.0912539340185594
34.21553674939173,-122.5887027224812,2023-07-26,10S_537_3786,30,7,1,0,-0.4999999999999997,-0.8660254037844388,-0.46472317204376806,-0.8854560256532101,1,72.69385041582515,0.09960478657794736,31.016709805831965,22.547240630162058,0,1,0,1,0,1.0167098058319652,3,69.46627343905428,0.748405616886447,32.152065735590384,21.4243340847176,2.254724063016206,14.282889389811734,0,0.0,300.0,0.0,0.10000000000000009,0.5975294870131481,-0.3068339685590128
37.449016556498606,-119.55852740403105,2024-03-21,11S_273_4147,12,3,0,0,1.0,6.123233995736766e-17,0.992708874098054,0.120536680255323,0,88.22923719145169,0.41045907285289146,5.311129039658322,4.685968637944211,0,0,0,0,0,-9.688870960341678,0,89.97891037287123,3.5746977681544845,3.8119399664355864,3.724269466670058,0.0,1.2414231555566861,0,0.0,300.0,0.0,0.10000000000000009,0.44860137995336535,-2.088950831940166
41.90833478101277,-124.46649205807242,2023-06-18,10T_378_4640,24,6,1,0,1.2246467991473532e-16,-1.0,0.23931566428755768,-0.970941817426052,1,79.77758212457945,0.11721310299844345,25.93951686696684,20.69391937126361,0,0,0,1,0,-4.060483133033159,2,78.70753269938749,0.9229436160611093,26.05775356875906,19.48112011991091,2.069391937126361,12.98741341327394,0,0.0,300.0,0.0,0.10000000000000009,-0.27368258127849043,-0.08266064153461979
33.640456997071176,-118.08241593887693,2023-08-27,11S_399_3722,34,8,1,0,-0.8660254037844385,-0.5000000000000004,-0.8229838658936564,-0.5680647467311559,1,71.04284859739616,0.0257015474929575,29.281336336092206,20.802295440544334,0,1,0,1,0,-0.7186636639077939,2,72.41225979178684,0.1409047251602068,29.3130742045386,20.534969848430492,2.0802295440544336,13.689979898953661,0,0.0,300.0,0.0,0.10000000000000009,0.3991882797834139,0.8788228952454151
39.786582827314376,-118.13687444903613,2023-08-10,11S_402_4404,32,8,1,0,-0.8660254037844385,-0.5000000000000004,-0.663122658240795,-0.7485107481711013,1,73.68032178123606,0.06692870694444684,26.672960668662387,19.652723249252983,0,1,0,1,0,-3.3270393313376125,2,78.97795745494977,0.341876388005563,26.19858252771124,18.995057571748195,1.9652723249252984,12.663371714498796,1,1.7394294355677884,357.5501384690729,1.0077496635217826,0.6209890900014057,1.0556943297626324,-1.0909321040115192
38.87046160385424,-118.90120609367519,2023-11-12,11S_335_4304,45,11,0,1,-0.5000000000000004,0.8660254037844384,-0.7485107481711011,0.6631226582407952,2,89.02273783276833,2.6201385312250767,25.379975830815926,22.593949345887225,0,0,0,3,0,5.379975830815926,2,90.06470661303682,13.41421384154075,24.501571482297006,11.296974672943614,6.778184803766168,15.062632897258153,1,14.979551108296812,347.87859549306705,2.771309849098568,0.5334346807850565,-0.49714019681495847,1.553228625386498
38.71247962985175,-114.75163096441841,2023-09-21,11S_695_4287,38,9,1,0,-1.0,-1.8369701987210297e-16,-0.992708874098054,-0.12053668025532357,2,99.20382427715538,1.2037097251087199,21.228763972046583,21.05974570704116,1,0,0,1,0,1.2287639720465826,2,95.1127697488171,7.645038665376282,20.660611774961048,10.529872853520581,2.1059745707041158,7.019915235680387,0,0.0,300.0,0.0,0.10000000000000009,-0.25423466304052994,0.6960652319307042
35.6016587530006,-118.06902701045115,2023-06-26,11S_403_3940,26,6,1,0,1.2246467991473532e-16,-1.0,-3.216245299353273e-16,-1.0,1,78.59363062347369,0.0431865774475928,29.86908834282975,23.475200962762653,0,1,0,1,0,-0.13091165717025177,2,78.99906087181674,0.2293398058882961,33.290642939684325,22.968294170524572,2.3475200962762655,15.312196113683049,0,0.0,300.0,0.0,0.10000000000000009,-0.3681151626538673,0.5596468075577158
38.38052226430457,-115.61313728800864,2024-01-01,11S_621_4248,1,1,0,1,0.49999999999999994,0.8660254037844387,0.12053668025532305,0.992708874098054,3,78.90311235083975,0.19522485473280443,10.064071786749684,7.9408658689682685,0,0,0,3,0,0.06407178674968428,1,79.60270830743569,1.0121504869015159,14.435907194774272,7.165738676107261,2.3822597606904807,9.554318234809681,0,0.0,300.0,0.0,0.10000000000000009,-0.867207721357236,0.012054993916538827
33.07502957528787,-122.83574355081494,2023-09-24,10S_515_3659,38,9,1,0,-1.0,-1.8369701987210297e-16,-0.992708874098054,-0.12053668025532357,2,77.70254554494852,2.4157446212881504,28.4909598277522,22.13820103635214,0,0,0,2,0,8.4909598277522,2,76.48159831609247,20.912628847341846,24.36985838944219,11.06910051817607,4.427640207270428,11.06910051817607,1,160.9335501890096,372.8376143898843,5.087186067065448,0.7593833385692363,-0.6274271117487108,-1.6823363249226995
37.08519177240703,-118.66557873224959,2023-06-12,11S_351_4105,24,6,1,0,1.2246467991473532e-16,-1.0,0.23931566428755768,-0.970941817426052,1,93.12264509108975,0.17164511225449297,22.0794480226545,20.560966020208184,1,0,0,1,0,-7.9205519773455,2,88.7999059808979,1.2768387948485398,17.985899911437382,18.796371359908456,2.0560966020208182,12.530914239938971,0,0.0,300.0,0.0,0.10000000000000009,1.8177261268049905,-1.0650589964076216
37.98453330387843,-116.37632123999666,2023-07-05,11S_554_4204,27,7,1,0,-0.4999999999999997,-0.8660254037844388,-0.12053668025532283,-0.992708874098054,1,72.41239096076136,0.1815284482480128,36.05915633215471,26.111297260392003,0,0,0,2,1,6.059156332154707,3,74.43611445740962,1.3252537238172717,36.21488846042601,23.741325623681227,5.222259452078401,23.741325623681224,1,44.55236091222436,341.18673896610125,3.8188624535861426,0.4728547354513464,1.1043749000101142,-0.894158898394025
32.66868362331941,-122.96075746481178,2023-07-26,10S_503_3614,30,7,1,0,-0.4999999999999997,-0.8660254037844388,-0.46472317204376806,-0.8854560256532101,1,62.18774912654571,0.24026170883012604,22.115575012480647,13.753178306654496,0,0,0,0,0,-7.884424987519353,2,53.430081489774295,1.6677615791898788,18.0750208198232,12.100997245753382,0.0,4.03366574858446,0,0.0,300.0,0.0,0.10000000000000009,-0.4008302705411583,-1.5562743521572309
41.6013847323326,-120.75529281770598,2023-06-27,10T_687_4607,26,6,1,0,1.2246467991473532e-16,-1.0,-3.216245299353273e-16,-1.0,1,90.40934982876435,0.15501883659434437,20.534200918923503,18.564837543330892,1,0,0,2,0,-9.465799081076497,2,91.17584814044247,1.320497373169133,25.87632209794653,17.125887784565812,3.7129675086661784,17.125887784565812,0,0.0,300.0,0.0,0.10000000000000009,-0.7058305058699114,-0.971132373921808
41.40474363769904,-114.81244787187669,2023-07-02,11T_682_4585,26,7,1,0,-0.4999999999999997,-0.8660254037844388,-3.216245299353273e-16,-1.0,1,96.84648147374094,0.03317013601664797,35.42830667717584,34.31106846257123,1,1,1,1,1,5.42830667717584,3,100.92404994969993,0.16414850629255645,32.99453621851481,33.74201705868122,3.431106846257123,22.494678039120814,0,0.0,300.0,0.0,0.10000000000000009,-0.9972322590117266,-0.5262127905146059
36.01016028240079,-118.16081655558372,2023-06-17,11S_395_3985,24,6,1,0,1.2246467991473532e-16,-1.0,0.23931566428755768,-0.970941817426052,1,65.4153470311175,0.009401965620145168,29.706568126599777,19.432654631050585,0,1,0,2,0,-0.29343187340022325,2,62.87863186691158,0.04777588057269379,31.84448474500497,19.34130205567594,3.886530926210117,19.34130205567594,0,0.0,300.0,0.0,0.10000000000000009,0.85607658768622,-0.9250408095228648
34.2436604668003,-115.50882639830526,2024-04-22,11S_637_3790,17,4,0,0,0.8660254037844387,-0.4999999999999998,0.8854560256532099,-0.4647231720437685,0,78.94141573876753,1.375700753221131,19.670807963990363,15.528414294028225,0,0,0,1,0,4.670807963990363,1,82.94063223133428,7.377912909026927,16.943359387760015,7.764207147014113,1.5528414294028225,5.1761380980094085,0,0.0,300.0,0.0,0.10000000000000009,-0.5412621630330415,1.7323092769116935
35.543675296465814,-121.92088184077838,2023-07-04,10S_597_3933,27,7,1,0,-0.4999999999999997,-0.8660254037844388,-0.12053668025532283,-0.992708874098054,1,83.44500531641049,0.002820867245061833,32.064130726274286,26.755915589200384,0,1,0,0,0,2.0641307262742856,3,86.27200253354151,0.013863380399948236,32.39023578241003,26.71817814625178,0.0,8.906059382083926,1,145.40671431558616,321.77354937360366,4.986388463286925,0.2971112837608638,0.32956866985791733,-0.41283666919836337
41.67244348366302,-122.59959113169226,2024-03-27,10T_533_4613,13,3,0,0,1.0,6.123233995736766e-17,1.0,-1.6081226496766366e-16,0,72.28014901965275,0.06190052280016719,17.734608856553674,12.81860170956953,0,1,0,1,0,2.734608856553674,1,67.72044167628188,0.4114327083366538,18.513887690581736,12.421862635874795,1.281860170956953,8.281241757249864,0,0.0,300.0,0.0,0.10000000000000009,-1.8134565301209098,0.20290330185877
35.51650617741845,-123.22004276147828,2023-08-26,10S_480_3930,34,8,1,0,-0.8660254037844385,-0.5000000000000004,-0.8229838658936564,-0.5680647467311559,1,84.42023832471234,0.07900928323332025,29.469891207558877,24.878552391454654,0,1,0,2,0,-0.5301087924411227,2,85.39748084446894,0.39380465206274035,27.016237274247807,23.895734095288933,4.975710478290931,23.895734095288933,0,0.0,300.0,0.0,0.10000000000000009,0.034277157034169066,-0.15343799926965812
41.346017202738025,-118.60260801740222,2023-07-02,11T_365_4578,26,7,1,0,-0.4999999999999997,-0.8660254037844388,-3.216245299353273e-16,-1.0,1,76.28141692815944,0.007094404739930057,31.1839846946475,23.78758537973749,0,1,0,1,0,1.1839846946474992,3,75.94393427179854,0.051773043672061,34.519993972067596,23.703206000502735,2.378758537973749,15.80213733366849,1,34.803419216321046,355.99090950468565,3.5780433976817596,0.6068737238029995,-0.048673680352151735,-1.377085374757278
34.289903279770655,-116.01833355583696,2023-09-03,11S_590_3794,35,9,1,0,-1.0,-1.8369701987210297e-16,-0.8854560256532096,-0.4647231720437691,2,65.22440553485853,0.24307780411524604,19.88762688242228,12.971586409050651,0,0,0,2,0,-0.11237311757772162,1,65.3273588190327,1.8819220213915806,16.045769793094877,11.39503403894905,2.59431728181013,11.39503403894905,0,0.0,300.0,0.0,0.10000000000000009,-0.12366635850533148,1.2410747131637156
36.99116874997089,-122.38912073563587,2023-08-27,10S_554_4094,34,8,1,0,-0.8660254037844385,-0.5000000000000004,-0.8229838658936564,-0.5680647467311559,1,78.609999267186,0.14016552201695473,34.438792989044586,27.072334916315654,0,0,0,1,0,4.438792989044586,3,78.12133318104539,1.08714213864866,34.96387608648489,25.175030938434045,2.7072334916315652,16.78335395895603,0,0.0,300.0,0.0,0.10000000000000009,-0.4165399706608626,-0.6479454452417116
37.49658744071763,-115.534155313318,2024-02-18,11S_629_4150,7,2,0,1,0.8660254037844386,0.5000000000000001,0.7485107481711011,0.6631226582407953,3,64.54127564920617,2.2886143224359508,7.924756492064434,5.114738932071668,0,0,0,3,0,-2.075243507935566,0,67.28870463595224,15.499638611238177,7.90105089369105,2.557369466035834,1.5344216796215004,3.4098259547144454,0,0.0,300.0,0.0,0.10000000000000009,-0.2399186289602987,-1.5862792808517328
33.664481928605355,-116.95716215284416,2023-07-26,11S_503_3724,30,7,1,0,-0.4999999999999997,-0.8660254037844388,-0.46472317204376806,-0.8854560256532101,1,63.87405624798177,0.06282005841318622,29.728392625777108,18.988730227409736,0,1,0,2,0,-0.27160737422289216,2,58.85656774044562,0.5123768135454402,32.29197823147455,18.392293656370676,3.797746045481947,18.392293656370676,1,4.872357557179009,388.99260618498147,1.7702561813485367,0.9056310227312969,1.6941119665864273,0.3758303513917011
34.748056136401516,-117.32751827480529,2024-05-25,11S_470_3845,21,5,0,0,0.49999999999999994,-0.8660254037844387,0.5680647467311558,-0.8229838658936564,0,87.21138327625914,0.5902984145038873,5.10439700806768,4.451615238647809,0,0,0,0,0,-9.89560299193232,0,86.75767467709561,4.31322087996079,6.041315618407629,3.1377245299702357,0.0,1.0459081766567453,0,0.0,300.0,0.0,0.10000000000000009,0.6363057913250506,0.4719395689825166
33.828473126536956,-121.08778168219239,2023-07-26,10S_676_3744,30,7,1,0,-0.4999999999999997,-0.8660254037844388,-0.46472317204376806,-0.8854560256532101,1,83.2739122322012,0.6427890068081704,30.153925762368136,25.110353673917547,0,0,0,2,0,0.15392576236813582,3,87.58309079595053,5.1398331698096955,28.22315673299992,17.04002402458787,5.02207073478351,17.04002402458787,0,0.0,300.0,0.0,0.10000000000000009,0.7764703518478618,-0.5423242778710189
41.329339844522366,-123.84453244722823,2023-12-26,10T_429_4575,52,12,0,1,-2.4492935982947064e-16,1.0,6.432490598706546e-16,1.0,3,94.28764346441247,1.9253924414416703,5.0,4.714382173220623,1,0,0,2,0,-5.0,0,91.9563946774578,12.098567359726296,4.622335902125579,2.3571910866103116,0.9428764346441246,2.3571910866103116,0,0.0,300.0,0.0,0.10000000000000009,-0.6018267826112473,0.3725654666309013
39.3550499322862,-119.9278455536363,2023-11-08,11S_247_4360,45,11,0,1,-0.5000000000000004,0.8660254037844384,-0.7485107481711011,0.6631226582407952,2,86.32645434410883,0.3212958796035761,18.357138241827066,15.847066563215783,0,0,0,1,0,-1.6428617581729341,1,92.23667761234752,2.0886157480099516,18.792814319434168,13.301267967933368,1.5847066563215784,8.867511978622245,0,0.0,300.0,0.0,0.10000000000000009,-0.27329213170588457,1.1062480882030725
41.73898953166393,-121.88647654836365,2024-03-06,10T_592_4621,10,3,0,0,1.0,6.123233995736766e-17,0.9350162426854148,0.35460488704253557,0,78.89462186505953,2.1245964824633274,29.511078087809068,23.282653465679406,0,0,0,1,0,14.511078087809068,2,81.365563708176,12.662549284520821,31.769835878929182,11.641326732839703,2.3282653465679406,7.760884488559802,0,0.0,300.0,0.0,0.10000000000000009,0.797384219481752,-0.14671897856214144
36.18758895787058,-120.21007827728558,2023-08-15,10S_750_4008,33,8,1,0,-0.8660254037844385,-0.5000000000000004,-0.7485107481711011,-0.6631226582407952,1,80.04695333850923,0.5402427526947092,34.45661701427112,27.581472143442433,0,0,0,1,0,4.456617014271117,3,82.24035847475612,4.195991770915236,34.10619955371084,20.13112692636954,2.7581472143442434,13.420751284246359,1,25.852820073766562,356.27129368830197,3.2903708461198566,0.6094119818256374,0.4982573171964343,0.1774019027054079
35.72018063849411,-117.46154224943388,2023-06-24,11S_458_3953,25,6,1,0,1.2246467991473532e-16,-1.0,0.12053668025532308,-0.992708874098054,1,80.57687957003237,0.6006598313180282,23.42006368334789,18.87115650935612,0,0,0,0,0,-6.579936316652109,2,76.9589447460443,4.293822676888018,23.451608020702494,13.203583666513138,0.0,4.40119455550438,0,0.0,300.0,0.0,0.10000000000000009,1.0778868645734245,0.3111026782505797
33.512952724923316,-121.46304211817497,2024-02-20,10S_642_3709,8,2,0,1,0.8660254037844386,0.5000000000000001,0.8229838658936564,0.5680647467311559,3,70.94471502076904,0.6347762029288649,10.702926715454543,7.593160857160982,0,0,0,2,0,0.7029267154545433,1,73.87728942198709,4.744042893926518,11.001195951162487,5.183181948592616,1.5186321714321964,5.183181948592616,0,0.0,300.0,0.0,0.10000000000000009,-1.6230465627066113,0.6491531781199562
38.310180497296884,-116.19694915466911,2024-03-09,11S_570_4240,10,3,0,0,1.0,6.123233995736766e-17,0.9350162426854148,0.35460488704253557,0,84.72453515788276,1.4599467092643292,13.629026596050743,11.547129430048203,0,0,0,0,0,-1.3709734039492574,1,76.96196987802868,9.743419824475263,11.180011940078963,5.773564715024102,0.0,1.9245215716747006,0,0.0,300.0,0.0,0.10000000000000009,0.14636247635765387,1.0279423303476476
41.058661348318715,-123.05433902399629,2023-08-11,10T_495_4545,32,8,1,0,-0.8660254037844385,-0.5000000000000004,-0.663122658240795,-0.7485107481711013,1,73.51637534832422,0.05202213021113229,29.77843309043044,21.892024643610426,0,1,0,0,0,-0.22156690956956027,2,72.64552922441668,0.4012146778970332,32.974466669802155,21.322589765312816,0.0,7.107529921770939,0,0.0,300.0,0.0,0.10000000000000009,-0.375399803631664,0.2982562806654692
35.93489510742719,-121.57641131118754,2023-06-10,10S_628_3977,23,6,1,0,1.2246467991473532e-16,-1.0,0.35460488704253584,-0.9350162426854147,1,81.13900341720571,0.014689306253130195,28.332029244626295,22.98832617696105,0,1,0,0,0,-1.6679707553737053,2,82.0076707338257,0.11423608990191617,29.40749865456074,22.81948489523094,0.0,7.60649496507698,0,0.0,300.0,0.0,0.10000000000000009,-0.8453992131332684,1.3372154618353462
40.84900962335291,-119.82868165845463,2023-09-28,11T_261_4525,39,9,1,0,-1.0,-1.8369701987210297e-16,-1.0,-1.8369701987210297e-16,2,74.49002052579208,0.44397372663483065,17.473410661104605,13.01594718801276,0,0,0,3,0,-2.526589338895395,1,78.09619168340407,3.013918465092174,15.755330753705838,10.126577898640676,3.904784156403828,13.502103864854234,0,0.0,300.0,0.0,0.10000000000000009,-1.540154556594798,0.254514945306127
33.265351451528105,-122.46844837125525,2023-06-27,10S_549_3680,26,6,1,0,1.2246467991473532e-16,-1.0,-3.216245299353273e-16,-1.0,1,75.43456014262378,0.19170637922835954,28.022470581531792,21.138627424274656,0,0,0,0,0,-1.9775294184682082,2,79.1493598898802,0.9911525881550044,28.123609036586835,19.112422561592158,0.0,6.370807520530719,1,25.125364100325502,334.3858737160198,3.262906647042423,0.4112879574710253,0.4998746456108163,1.4340239598444242
35.6876054559307,-122.96228950230835,2023-07-24,10S_503_3949,30,7,1,0,-0.4999999999999997,-0.8660254037844388,-0.46472317204376806,-0.8854560256532101,1,74.56633799692177,0.028831838248496524,27.498909723393147,20.50492996981372,0,1,0,0,0,-2.5010902766068526,2,75.44762331746885,0.2227657069938008,28.372117622774166,20.20933255772051,0.0,6.736444185906837,1,65.04792017927626,351.0141112837289,4.190380541892336,0.5618198343557954,-0.4301201008955506,-0.00692934166861623
37.33065447925802,-115.34123989015494,2023-10-25,11S_646_4132,43,10,0,1,-0.8660254037844386,0.5000000000000001,-0.8854560256532101,0.464723172043768,2,92.2859121142661,0.08986236438982215,21.47781189135126,19.820994606119815,1,1,1,3,0,1.4778118913512586,2,91.48149286415031,0.6554334095678689,22.642929568285677,18.930413886187896,5.946298381835945,25.24055184825053,0,0.0,300.0,0.0,0.10000000000000009,-0.49849760419871614,0.5261031623888623
39.05967613723358,-117.43251236848674,2023-07-17,11S_462_4323,29,7,1,0,-0.4999999999999997,-0.8660254037844388,-0.3546048870425356,-0.9350162426854148,1,80.44329720921738,1.1378563964797535,36.595306472335636,29.43847115016492,0,0,0,0,1,6.595306472335636,3,78.28478256506925,6.882879682859992,37.31848730055188,14.719235575082461,0.0,4.90641185836082,1,9.972711157892785,325.49756764179045,2.3954113866778615,0.33082402434330227,2.1568215396874186,0.30656066342505334
34.18100733632729,-123.8463283022064,2023-09-01,10S_422_3782,35,9,1,0,-1.0,-1.8369701987210297e-16,-0.8854560256532096,-0.4647231720437691,2,80.1750779485824,0.3626091270565581,20.50633995406695,16.44097404257447,0,0,0,3,0,0.5063399540669486,2,79.76974512001993,2.0307962049835697,20.064358925995464,13.460150419805741,4.932292212772341,17.946867226407655,0,0.0,300.0,0.0,0.10000000000000009,-1.1245397044680416,-2.143639635376101
40.75305399857963,-120.93806998752935,2023-09-15,10T_674_4513,37,9,1,0,-1.0,-1.8369701987210297e-16,-0.970941817426052,-0.23931566428755774,2,73.09164459013238,0.38369924143057066,25.74219092873213,18.815390703342185,0,0,0,3,0,5.742190928732128,2,75.10042967322157,1.949732757841957,25.748005488368307,15.205665133296081,5.644617211002656,20.274220177728107,1,36.378607280849586,335.6194295208154,3.6210985429290674,0.42245507423742223,-0.586568384009702,-2.715981786397174
35.62141385873385,-114.43964524203584,2023-08-31,11S_731_3944,35,8,1,0,-0.8660254037844385,-0.5000000000000004,-0.8854560256532096,-0.4647231720437691,1,78.48933897449608,0.008758318580189444,24.82224925749388,19.48281936080871,0,1,0,0,0,-5.17775074250612,2,75.95423514386636,0.06309558941855085,22.950392662628367,19.397500991407583,0.0,6.4658336638025276,0,0.0,300.0,0.0,0.10000000000000009,0.1960433231183388,-0.8057986960040089
39.75148907061522,-120.94786220968365,2023-08-12,10S_675_4402,32,8,1,0,-0.8660254037844385,-0.5000000000000004,-0.663122658240795,-0.7485107481711013,1,72.7937141924887,0.08276472587575391,35.245440991409104,25.656465581168597,0,1,0,2,1,5.2454409914091045,3,75.5988776074601,0.6422639290981461,36.19107359128794,24.59474041078553,5.131293116233719,24.59474041078553,1,11.156955540480354,381.1206005996013,2.4979014784542244,0.8343674404791503,1.6137807276552096,0.5327716291970309
34.0760896475996,-114.81756795589173,2023-09-05,11S_701_3772,36,9,1,0,-1.0,-1.8369701987210297e-16,-0.9350162426854147,-0.3546048870425359,2,70.75232250685148,0.10843271942836862,19.2969092528214,13.65301146841066,0,0,0,1,0,-0.7030907471785994,1,66.61751929429379,0.5481618084085632,16.08452011719382,12.912794887457428,1.365301146841066,8.608529924971618,0,0.0,300.0,0.0,0.10000000000000009,0.1315683909044717,0.21339229919482317
37.24940643488026,-119.59472830860292,2023-06-02,11S_269_4125,22,6,1,0,1.2246467991473532e-16,-1.0,0.46472317204376906,-0.8854560256532096,1,93.01556328084813,0.31680584297896136,29.62301150434968,27.554011011521297,1,0,0,0,0,-0.3769884956503198,2,89.98102719409401,2.644967316528151,29.681513743008633,23.189375168543002,0.0,7.729791722847668,1,17.005560521895344,397.01202482109903,2.8906806280739343,0.9782291037909361,1.133280224244565,0.5310957696199093
35.14414973438906,-118.16325197318386,2023-06-10,11S_394_3889,23,6,1,0,1.2246467991473532e-16,-1.0,0.35460488704253584,-0.9350162426854147,1,70.94996568897147,0.020644211538735427,24.05362922606752,17.06604168284732,0,1,0,0,0,-5.946370773932479,2,75.25862541671502,0.15687609698003072,25.529668827306864,16.88988419553253,0.0,5.629961398510844,1,26.33840594585486,338.58550301477464,3.3082925247626114,0.44930630295037366,-0.882298886321079,0.28287315383971173
38.6805805447602,-116.2220758314524,2023-06-25,11S_567_4281,25,6,1,0,1.2246467991473532e-16,-1.0,0.12053668025532308,-0.992708874098054,1,80.68848493730337,0.19792286266595766,25.870170313566472,20.87424847671681,0,0,0,0,0,-4.129829686433528,2,85.23051153307414,1.3132431607723345,23.61952964246203,18.808502969460665,0.0,6.269500989820222,0,0.0,300.0,0.0,0.10000000000000009,0.10739243653644291,-0.4836720533648557
38.023337805749755,-124.06851302906166,2023-06-25,10S_406_4208,25,6,1,0,1.2246467991473532e-16,-1.0,0.12053668025532308,-0.992708874098054,1,73.59835882656175,0.018811583136782446,31.81717423090544,23.416918058934126,0,1,0,1,0,1.8171742309054402,3,73.24045974003792,0.13110409763791073,33.36392539303168,23.19666340849769,2.3416918058934124,15.464442272331794,1,50.423060993716305,395.01731706828684,3.9400867293097503,0.9601714412969553,-1.3606717092740188,-0.19029804986653834
41.88837186970623,-117.92631823779979,2024-03-22,11T_423_4637,12,3,0,0,1.0,6.123233995736766e-17,0.992708874098054,0.120536680255323,0,80.33774419038778,1.7628302128880753,18.20430672683751,14.624929369840272,0,0,0,1,0,3.2043067268375083,1,86.55437403758192,8.974800278686178,16.698029232487393,7.312464684920137,1.4624929369840272,4.874976456613425,0,0.0,300.0,0.0,0.10000000000000009,0.43199343169605037,1.0671942173733664
41.90483329217746,-115.70719183248028,2024-05-17,11T_607_4640,20,5,0,0,0.49999999999999994,-0.8660254037844387,0.6631226582407952,-0.7485107481711012,0,87.24682737451148,0.5311837562652979,11.213241426409533,9.783197390386734,0,0,0,0,0,-3.7867585735904665,1,88.34406592863502,2.6598675332347277,13.222156008980008,7.1848596213314915,0.0,2.3949532071104973,1,10.636575547573086,325.48053960959373,2.454153202074988,0.3306698732111819,0.24161437920877943,-1.282655889725296
37.46527701529671,-121.75109004635911,2024-04-15,10S_610_4147,16,4,0,0,0.8660254037844387,-0.4999999999999998,0.9350162426854148,-0.35460488704253545,0,78.23770264449401,0.15135353141832758,19.549656755933157,15.295202320726217,0,0,0,1,0,4.549656755933157,1,74.91029283932133,0.8142730635687294,19.99152430556638,14.13771087822636,1.5295202320726218,9.42514058548424,1,65.61580857581038,363.4955963912997,4.198941915382649,0.6748120484675644,0.24770496107853954,-0.29735560918494
37.524835060845476,-121.54074007274383,2024-03-04,10S_628_4154,10,3,0,0,1.0,6.123233995736766e-17,0.9350162426854148,0.35460488704253557,0,84.57016631368032,0.0076116695202722824,10.71287748310559,9.059898304443207,0,1,0,0,0,-4.28712251689441,1,85.29307197253591,0.04020286705840478,7.455036043624007,9.025417828552857,0.0,3.0084726095176193,0,0.0,300.0,0.0,0.10000000000000009,0.8927991515177188,-0.819214196595869
39.93953501063686,-115.59146800307263,2023-08-01,11S_620_4421,31,8,1,0,-0.8660254037844385,-0.5000000000000004,-0.5680647467311556,-0.8229838658936566,1,67.88789397173323,0.06434797366009626,29.36928709608071,19.938190484041204,0,1,0,0,0,-0.6307129039192887,2,68.91890992625426,0.37666990091648395,28.403575107788743,19.29669940599267,0.0,6.43223313533089,1,14.845014716295182,345.7994501821483,2.762854921908321,0.5146126231439898,-1.058586501195914,0.8098910680359085
38.135645093987364,-120.26254668068125,2023-06-04,10S_739_4224,22,6,1,0,1.2246467991473532e-16,-1.0,0.46472317204376906,-0.8854560256532096,1,81.53670587777351,0.1663539803562447,30.670029287934067,25.007331573129797,0,0,0,2,0,0.6700292879340672,3,80.5266253395349,1.095728453629413,30.02629312974538,22.927297000490533,5.00146631462596,22.92729700049053,1,53.538765697572735,359.5549523717322,3.998911746020407,0.6391382413076174,1.7420154360034017,0.9162389219717414
37.22036769239183,-116.62072353961307,2023-07-19,11S_533_4119,29,7,1,0,-0.4999999999999997,-0.8660254037844388,-0.3546048870425356,-0.9350162426854148,1,89.26286815553192,0.24791861040233987,26.727557497309444,23.857784410017317,0,0,0,2,0,-3.2724425026905557,2,96.36347145611853,1.9696666265263265,26.439049227740565,20.900390030912266,4.7715568820034635,20.900390030912266,0,0.0,300.0,0.0,0.10000000000000009,0.919265147462286,2.6353088970006477
33.02543006492001,-121.0681289932954,2023-08-03,10S_680_3655,31,8,1,0,-0.8660254037844385,-0.5000000000000004,-0.5680647467311556,-0.8229838658936566,1,81.80019986421867,0.3748251822107712,29.304098980221575,23.970811534229714,0,0,0,0,0,-0.6959010197784252,2,78.77532631949857,3.083240203639641,31.11962851391436,19.478379633700857,0.0,6.492793211233619,1,120.37067359669646,392.5583696543461,4.798849281046813,0.9379111164805565,1.8527867167549534,0.8424599011267665
33.66283303393708,-116.94181946993828,2023-06-19,11S_505_3724,25,6,1,0,1.2246467991473532e-16,-1.0,0.12053668025532308,-0.992708874098054,1,62.82691534200362,0.3791745345001531,27.725469422142112,17.419057202022326,0,0,0,0,0,-2.274530577857888,2,56.96325522068169,2.7845245238710294,30.264329429493117,14.116625749018148,0.0,4.705541916339382,0,0.0,300.0,0.0,0.10000000000000009,0.2615195572712162,2.394804486510553
37.361718098406975,-122.53104873801988,2024-05-27,10S_541_4135,22,5,0,0,0.49999999999999994,-0.8660254037844387,0.46472317204376906,-0.8854560256532096,0,89.07079592607752,0.832884221153645,9.785562260953554,8.716078191673198,0,0,0,1,0,-5.214437739046446,0,88.38331768075092,6.754109464698818,7.912796915884388,5.0863361935801965,0.8716078191673198,3.390890795720131,1,76.62933137718052,380.42329524493323,4.3519453374367965,0.8280548843003874,1.4624049235171979,0.35058790572062304
33.12520218757221,-124.18348369428233,2024-04-06,10S_389_3665,14,4,0,0,0.8660254037844387,-0.4999999999999998,0.992708874098054,-0.12053668025532288,0,79.3803545473706,0.41902886305442655,5.0,3.96901772736853,0,0,0,1,0,-10.0,0,81.71315156364697,3.637411920288596,5.101044466795423,3.1374512344974805,0.396901772736853,2.091634156331654,0,0.0,300.0,0.0,0.10000000000000009,0.021320727345487817,0.27279680635081105
37.84348458969852,-118.40825436255413,2023-07-08,11S_376_4189,27,7,1,0,-0.4999999999999997,-0.8660254037844388,-0.12053668025532283,-0.992708874098054,1,72.9794287247672,0.1619070751788767,32.731129893234154,23.886991611243793,0,0,0,2,0,2.7311298932341543,3,76.42381442983852,1.155010672806551,31.654793956976036,21.953255137944367,4.777398322248759,21.953255137944367,1,58.2133461123665,327.2666079437394,4.081146957569208,0.3468387676889413,0.16172161634926943,0.35630880090172723
38.285023691489876,-120.18059876100851,2024-05-26,10S_746_4241,21,5,0,0,0.49999999999999994,-0.8660254037844387,0.5680647467311558,-0.8229838658936564,0,82.88040546395662,1.397330865774845,14.648476420362266,12.140716651488326,0,0,0,0,0,-0.3515235796377336,1,83.12720255424219,12.003110550052298,11.949230135850105,6.070358325744162,0.0,2.023452775248054,0,0.0,300.0,0.0,0.10000000000000009,1.3329297119376184,-0.8938177883519721
39.434700599746655,-123.91616250134524,2023-10-20,10S_421_4365,42,10,0,1,-0.8660254037844386,0.5000000000000001,-0.9350162426854148,0.35460488704253557,2,93.50249871221276,0.5059467912942667,18.858069854817334,17.63276652314876,1,0,0,2,0,-1.1419301451826662,1,90.5497126193561,4.301821600796703,18.335245446893808,13.17214570113472,3.526553304629752,13.172145701134719,1,42.63361149239651,338.341784911378,3.7758277591486586,0.4470999751068061,-0.8560168375460002,-0.8518884097005172
40.410564805369376,-121.7472346533867,2024-01-14,10T_606_4474,2,1,0,1,0.49999999999999994,0.8660254037844387,0.23931566428755774,0.970941817426052,3,81.18607872616083,0.23725582510576798,18.123038503995822,14.713384307426487,0,0,0,3,0,8.123038503995822,1,81.08729508557309,1.2100062449602804,20.778177280532244,12.967966240448124,4.414015292227946,17.29062165393083,0,0.0,300.0,0.0,0.10000000000000009,-1.0939288605091628,0.025107476582637664
37.50900659955382,-117.5122132882629,2023-06-29,11S_454_4151,26,6,1,0,1.2246467991473532e-16,-1.0,-3.216245299353273e-16,-1.0,1,92.22467282846878,0.37928457567210033,36.04742130264555,33.24461635946462,1,0,0,0,1,6.047421302645553,3,93.14641709223984,2.1219608538739023,33.85387245671667,26.940031254823968,0.0,8.980010418274656,1,76.98878654932987,342.31583754583284,4.356565054166739,0.48307622330914457,0.628491013320714,1.565272991318751
36.96158194440954,-122.42240933955938,2023-06-02,10S_551_4090,22,6,1,0,1.2246467991473532e-16,-1.0,0.46472317204376906,-0.8854560256532096,1,83.15967871233659,0.11060981313115803,28.993095732655917,24.11056526003683,0,0,0,2,0,-1.0069042673440833,2,87.51038409206863,0.6654396777455208,28.249425989135258,22.777132701087194,4.822113052007365,22.777132701087194,0,0.0,300.0,0.0,0.10000000000000009,0.8230561050499375,1.6055535119802673
34.6011122892625,-115.32338686464483,2023-08-14,11S_653_3830,33,8,1,0,-0.8660254037844385,-0.5000000000000004,-0.7485107481711011,-0.6631226582407952,1,77.16999069008205,0.03234535940251448,14.952635482772065,11.538947409977107,0,1,0,1,0,-15.047364517227935,1,76.56975577655604,0.24039836887541297,15.289304431410612,11.352331709425897,1.1538947409977107,7.568221139617265,0,0.0,300.0,0.0,0.10000000000000009,-0.2354830176909062,-0.537313048312295
38.4231911278865,-114.83820707413803,2023-09-03,11S_688_4254,35,9,1,0,-1.0,-1.8369701987210297e-16,-0.8854560256532096,-0.4647231720437691,2,98.36824187322523,0.05466168509568397,15.708763015996862,15.452433998867543,1,1,1,2,0,-4.291236984003138,1,98.3246303831289,0.3288410922405803,15.98379568186802,15.030105958263576,3.0904867997735086,15.030105958263576,0,0.0,300.0,0.0,0.10000000000000009,0.2809288532677447,-0.10433731981471134
40.26353060784089,-123.65569459850812,2023-07-13,10T_444_4457,28,7,1,0,-0.4999999999999997,-0.8660254037844388,-0.23931566428755743,-0.9709418174260521,1,79.20665732084939,0.07855016188370727,24.024454712480303,19.028967517316925,0,1,0,2,0,-5.975545287519697,2,78.01472885257462,0.6443766999315289,23.35237444166865,18.2816032778344,3.805793503463385,18.2816032778344,1,0.21987457691828297,322.12496599857354,0.19874804765560017,0.3002925832768124,0.08792189013048562,-0.15099204148670053
32.53446663098746,-121.97212674966698,2023-07-30,10S_596_3600,30,7,1,0,-0.4999999999999997,-0.8660254037844388,-0.46472317204376806,-0.8854560256532101,1,84.76272387966944,0.033994816628241574,22.091425575047353,18.725294061260062,0,1,0,2,0,-7.908574424952647,2,75.79723374393812,0.23353903937548642,20.95092154656778,18.407012592298845,3.7450588122520125,18.407012592298845,0,0.0,300.0,0.0,0.10000000000000009,-0.522102585149651,0.17364043834310966
33.88537227165741,-123.95198907132074,2023-10-30,10S_411_3749,44,10,0,1,-0.8660254037844386,0.5000000000000001,-0.822983865893657,0.5680647467311548,2,86.27193925094393,0.09911783151594176,15.134102743183405,13.056483924774625,0,1,1,1,0,-4.865897256816595,1,81.68278064110714,0.5541810932180623,15.807348829077625,12.409418737851418,1.3056483924774624,8.27294582523428,0,0.0,300.0,0.0,0.10000000000000009,0.7554316611528166,1.1028772263552833
37.91709091275623,-115.63604309207841,2023-06-08,11S_619_4197,23,6,1,0,1.2246467991473532e-16,-1.0,0.35460488704253584,-0.9350162426854147,1,72.27796710217247,0.017733830043267926,37.65700825591847,27.21772003887512,0,1,0,1,1,7.65700825591847,3,71.85555082904901,0.10327651943124842,36.39366797191205,26.976382828207793,2.721772003887512,17.984255218805195,1,29.734159547810513,397.781561130339,3.4253747248674866,0.9851955513467385,0.8057183733785155,1.0799905700749097
34.53493101218909,-120.65804639770825,2023-06-04,10S_714_3823,22,6,1,0,1.2246467991473532e-16,-1.0,0.46472317204376906,-0.8854560256532096,1,93.01225459910694,0.0836025991422562,31.018816500992553,28.85130057753299,1,1,1,2,0,1.0188165009925534,3,94.57645471130495,0.6465184682762174,31.356771183412448,27.645278719074867,5.770260115506598,27.645278719074867,0,0.0,300.0,0.0,0.10000000000000009,-2.3540262501567235,0.7487600657778355
38.57783066759274,-115.93471678576402,2023-06-10,11S_592_4270,23,6,1,0,1.2246467991473532e-16,-1.0,0.35460488704253584,-0.9350162426854147,1,74.07554426584889,0.22231361405935532,30.228819973156735,22.392162920259487,0,0,0,1,0,0.2288199731567353,3,68.1810592020863,1.5744280646252375,30.77769371480216,19.903121587555102,2.2392162920259486,13.268747725036734,0,0.0,300.0,0.0,0.10000000000000009,-0.3172677853932304,-0.026230498163296943
40.51731700750436,-116.36564612019662,2023-11-15,11T_553_4485,46,11,0,1,-0.5000000000000004,0.8660254037844384,-0.6631226582407955,0.7485107481711007,2,92.84641258174152,0.1819903531427842,19.66338761131665,18.256749989150105,1,0,0,3,0,-0.3366123886833492,1,93.4171713682374,1.0205158208404381,18.640589591255583,16.59547380026763,5.4770249967450315,22.12729840035684,1,46.85805174465927,371.26844890455067,3.8682393742688608,0.7451780191727431,-1.5078297268690883,-2.575620005947022
38.09594950184809,-115.0203166861384,2023-08-08,11S_673_4218,32,8,1,0,-0.8660254037844385,-0.5000000000000004,-0.663122658240795,-0.7485107481711013,1,81.3285294411628,0.001882633106310951,32.57493831471327,26.492718297722202,0,1,0,1,0,2.574938314713272,3,80.35016251925282,0.01645722610353678,31.12713788334533,26.46778026345047,2.6492718297722204,17.645186842300316,0,0.0,300.0,0.0,0.10000000000000009,-0.9418774682936735,-0.8974084938718059
36.54198832041915,-119.75658157775142,2023-07-27,11S_253_4047,30,7,1,0,-0.4999999999999997,-0.8660254037844388,-0.46472317204376806,-0.8854560256532101,1,98.17354860811004,0.3870004628211093,33.51026173215552,32.8982130903226,1,0,0,2,0,3.51026173215552,3,97.84045082062525,2.225661613634107,32.619832316561784,26.53240124435144,6.57964261806452,26.532401244351444,1,23.487126322082815,343.4751689378587,3.1981475232086534,0.4935714023479614,-0.9846224284692678,2.509941302595731
33.658533551764585,-117.38283230797609,2024-04-10,11S_464_3724,15,4,0,0,0.8660254037844387,-0.4999999999999998,0.9709418174260521,-0.2393156642875575,0,96.07376452619022,0.32085105970071764,20.905396239424473,20.084601156331694,1,0,0,0,0,5.905396239424473,2,93.58198540416852,2.613411622502122,20.520448206081095,16.862518373994053,0.0,5.620839457998017,0,0.0,300.0,0.0,0.10000000000000009,1.5376766989188069,0.8705726492369249
39.005452307693716,-120.88405293543447,2023-07-22,10S_683_4319,29,7,1,0,-0.4999999999999997,-0.8660254037844388,-0.3546048870425356,-0.9350162426854148,1,93.52554015171053,0.01076117666165897,32.311165747320146,30.21919229449564,1,1,1,1,0,2.311165747320146,3,92.8019742340015,0.09259376392303252,30.646917231697145,30.056595261068786,3.0219192294495643,20.03773017404586,1,75.97575369232406,339.2649581067755,4.343490485153652,0.4554572645204935,-0.6360763056976569,0.5843648535515655
38.360470733702215,-123.01431641618997,2023-07-31,10S_498_4245,31,7,1,0,-0.4999999999999997,-0.8660254037844388,-0.5680647467311556,-0.8229838658936566,1,88.3127895785347,0.00797833430441312,29.855743239464797,26.366439704176145,0,1,1,2,0,-0.1442567605352032,2,89.35661862751797,0.06459847423969525,28.032283412979844,26.26125956898761,5.273287940835229,26.26125956898761,0,0.0,300.0,0.0,0.10000000000000009,-0.33983489125698985,-1.170876998476227
40.73748350410747,-121.98429841213644,2023-12-26,10T_585_4510,52,12,0,1,-2.4492935982947064e-16,1.0,6.432490598706546e-16,1.0,3,67.33447616794685,0.22397228525754542,6.835272729409829,4.602495086998632,0,0,0,4,0,-3.164727270590171,0,67.25689697462577,1.9009243295352292,4.359097568222631,4.087079415737777,1.8409980347994526,6.811799026229628,1,31.786163095732313,375.657634929356,3.49000656954604,0.7849123811350358,0.07645057338629935,-0.5232302382364038
40.938267154583116,-117.93863131805242,2024-02-28,11T_420_4532,9,2,0,1,0.8660254037844386,0.5000000000000001,0.8854560256532099,0.4647231720437686,3,90.77137700374814,2.7117238007850144,11.277221615477172,10.23648934813296,1,0,0,3,0,1.2772216154771723,1,90.95430498487124,18.99693645758208,12.126129231112925,5.118244674066481,3.0709468044398878,6.824326232088641,1,35.87909751565825,320.38254666026586,3.6076449275554157,0.28451883381913534,-0.4024397128698129,0.6382648763068279
37.99829191190446,-117.26620163822837,2023-09-29,11S_476_4205,39,9,1,0,-1.0,-1.8369701987210297e-16,-1.0,-1.8369701987210297e-16,2,77.59349318484828,1.2788920550008247,10.017904725133745,7.773242220161246,0,0,0,2,0,-9.982095274866255,1,74.86544811104343,7.7693735003546145,9.450495190942053,3.8866211100806227,1.5546484440322492,3.886621110080623,0,0.0,300.0,0.0,0.10000000000000009,0.05236568369172354,1.4942934167870825
33.30730620192549,-124.3404699063044,2023-06-30,10S_375_3686,26,6,1,0,1.2246467991473532e-16,-1.0,-3.216245299353273e-16,-1.0,1,82.15442095972637,0.37098867698100246,18.827279855073215,15.467442747402607,0,0,0,2,0,-11.172720144926785,1,85.95283999462423,2.4610276826757747,19.621142761828267,12.598319686833463,3.0934885494805213,12.598319686833463,0,0.0,300.0,0.0,0.10000000000000009,0.7080565378401231,-1.6222086610024755
40.760057806439264,-115.1833921590326,2023-09-04,11T_653_4513,36,9,1,0,-1.0,-1.8369701987210297e-16,-0.9350162426854147,-0.3546048870425359,2,81.47392848124281,1.0494426731836919,13.483018779817401,10.985145077780967,0,0,0,1,0,-6.516981220182599,1,80.82773919098584,5.747485526078216,15.03869438353407,5.4925725388904825,1.0985145077780967,3.661715025926988,0,0.0,300.0,0.0,0.10000000000000009,0.7718494378905384,-0.09688782382197007
40.418791955457564,-123.78503739546561,2023-09-07,10T_433_4474,36,9,1,0,-1.0,-1.8369701987210297e-16,-0.9350162426854147,-0.3546048870425359,2,72.59592483042205,0.7531024408705809,23.826720464502294,17.297228077964874,0,0,0,2,0,3.8267204645022943,2,71.87355960589707,5.184730615888069,26.995934614596134,10.783935735059625,3.459445615592975,10.783935735059623,0,0.0,300.0,0.0,0.10000000000000009,0.8305720523606237,0.5597246772303685
40.35154467996192,-122.4400525473943,2023-07-11,10T_547_4466,28,7,1,0,-0.4999999999999997,-0.8660254037844388,-0.23931566428755743,-0.9709418174260521,1,91.2025152433866,0.09499218052864938,30.214303936364445,27.55620515324594,1,1,1,2,0,0.21430393636444478,3,90.30716606725026,0.5293691138949733,28.57612566752504,26.247393145945118,5.511241030649188,26.247393145945114,1,28.181896760810904,323.29562518585175,3.373548543066088,0.3108903104223275,1.4183596237798888,-0.814806253212072
34.024533251732066,-118.9124778247459,2024-04-13,11S_323_3766,15,4,0,0,0.8660254037844387,-0.4999999999999998,0.9709418174260521,-0.2393156642875575,0,103.6753304415371,0.6009734132183714,20.93551658925298,21.704966003550844,1,0,0,0,0,5.93551658925298,2,104.06727389374171,3.7889017426830285,22.34427157238306,15.182912252079513,0.0,5.060970750693171,0,0.0,300.0,0.0,0.10000000000000009,-0.04793185207859325,0.34806314918604003
37.59892174709199,-115.18991560408037,2023-06-13,11S_659_4162,24,6,1,0,1.2246467991473532e-16,-1.0,0.23931566428755768,-0.970941817426052,1,80.99010258848982,0.06261254693069308,31.82090972831774,25.771787433555275,0,1,0,0,0,1.8209097283177407,3,82.58822569945869,0.4716616300337993,31.153442331752657,24.96496880846961,0.0,8.32165626948987,1,22.933661347746018,345.68161434548443,3.175285892629729,0.5135458805270967,1.7836670044387075,0.009830590340932208
35.38820651130213,-121.19442921323103,2023-11-07,10S_663_3917,45,11,0,1,-0.5000000000000004,0.8660254037844384,-0.7485107481711011,0.6631226582407952,2,78.3157309652495,0.07254992110060485,20.865626342453712,16.34106779057028,0,1,0,1,0,0.8656263424537123,2,74.07353136944583,0.4035257642415754,23.12501492049673,15.748296201117524,1.6341067790570278,10.49886413407835,1,5.8122353033246,398.93659059133495,1.9187203046766477,0.9956517859243927,-0.28838095854382795,-1.1897093552461604
34.69879249320462,-120.82618183599683,2023-10-26,10S_699_3841,43,10,0,1,-0.8660254037844386,0.5000000000000001,-0.8854560256532101,0.464723172043768,2,62.88272216367503,0.29089053633071277,12.533357965051056,7.88131666694189,0,0,0,1,0,-7.4666420349489435,1,65.0600981955204,2.1155515976786,13.032427146796325,6.735016450822434,0.788131666694189,4.490010967214956,1,123.60959741147207,378.38732378383344,4.8251856291612745,0.8096236702841564,-2.3844341624718313,-0.3797795233928715
39.06043849084776,-115.39954755028307,2023-06-29,11S_638_4324,26,6,1,0,1.2246467991473532e-16,-1.0,-3.216245299353273e-16,-1.0,1,64.87548096892618,0.04830704374644767,29.292643084523558,19.003743089595552,0,1,0,2,0,-0.7073569154764421,2,61.14250506022938,0.33825189725858856,26.86265364074005,18.544735765207882,3.8007486179191106,18.544735765207882,0,0.0,300.0,0.0,0.10000000000000009,-1.2076888524172482,-0.5615468747679013
37.90217112530178,-116.63060310232133,2023-07-18,11S_532_4195,29,7,1,0,-0.4999999999999997,-0.8660254037844388,-0.3546048870425356,-0.9350162426854148,1,81.04544963245196,0.42614535747136506,31.035202122195948,25.15261910427398,0,0,0,2,0,1.0352021221959475,3,82.38086744115698,3.0947053216321554,29.144590656933982,19.793283174508023,5.030523820854796,19.793283174508023,1,35.58012399848482,367.29007172847855,3.599505032746062,0.7091626218204321,1.093398242499512,-0.26740640685902495
39.92403868802208,-114.4361962911797,2024-01-17,11S_719_4422,3,1,0,1,0.49999999999999994,0.8660254037844387,0.3546048870425356,0.9350162426854148,3,82.65388364432371,2.2537345905913124,11.426665468741037,9.444582780959333,0,0,0,2,0,1.426665468741037,1,85.26786869519891,13.074229331070606,10.27244515188937,4.7222913904796675,1.8889165561918666,4.7222913904796675,0,0.0,300.0,0.0,0.10000000000000009,-2.7281392835544462,0.2462210746106787
39.03013229472444,-122.21983565456514,2024-01-26,10S_567_4320,4,1,0,1,0.49999999999999994,0.8660254037844387,0.4647231720437685,0.8854560256532099,3,76.71890534537778,0.530381525564054,24.628588051627126,18.894783155230837,0,0,0,2,0,14.628588051627126,2,80.49706252070997,3.2122541291951636,26.779933394447884,13.884061197694175,3.7789566310461673,13.884061197694175,0,0.0,300.0,0.0,0.10000000000000009,-1.5436039492844722,1.11188082240947
36.812661391531954,-116.32708017949939,2024-04-28,11S_560_4074,17,4,0,0,0.8660254037844387,-0.4999999999999998,0.8854560256532099,-0.4647231720437685,0,80.2885237230719,0.5709292218713062,5.0,4.014426186153595,0,0,0,1,0,-10.0,0,78.68643837304182,3.3247614840473254,3.520556479625259,2.868449576793361,0.4014426186153595,1.9122997178622407,1,79.02254628776805,345.19655493027307,4.382308423564763,0.509154741425609,0.5688904122955128,1.487832678942661
38.56101297431944,-117.48023509219897,2024-03-21,11S_458_4268,12,3,0,0,1.0,6.123233995736766e-17,0.992708874098054,0.120536680255323,0,73.82691237702626,0.21022302480834015,12.845265161756732,9.483262655566824,0,0,0,1,0,-2.154734838243268,1,77.56071240358389,1.8633039864479626,15.379399011511296,8.486462575314208,0.9483262655566824,5.657641716876139,1,38.51606347820837,321.63082634916975,3.6767072595734964,0.2958192427580082,-0.6281063388289198,1.176751096671196
39.478554067057175,-124.29376382365271,2023-09-01,10S_388_4370,35,9,1,0,-1.0,-1.8369701987210297e-16,-0.8854560256532096,-0.4647231720437691,2,81.52690066554037,1.3947789877027648,19.660811524195992,16.02885028137038,0,0,0,3,0,-0.3391884758040078,1,76.55131689060718,7.976740136264107,19.49343951166691,8.014425140685189,4.8086550844111144,10.685900187580252,1,59.930212765001514,382.31567303941915,4.109729156212316,0.8451861755763921,0.26893572206883415,0.9662399406349803
38.03980798495441,-117.00825002151477,2023-07-15,11S_499_4210,28,7,1,0,-0.4999999999999997,-0.8660254037844388,-0.23931566428755743,-0.9709418174260521,1,96.3346939271103,0.005079861545015553,33.34194186903164,32.11985764888667,1,1,1,2,0,3.3419418690316434,3,101.0470201017726,0.04536256209461949,33.25994703087859,32.0382754340357,6.423971529777335,32.0382754340357,1,0.10661340046279148,399.4169083694744,0.10130436098996481,1.0,0.0646825201861494,1.0419756141725074
39.320245195368194,-114.7737685230332,2023-06-17,11S_691_4354,24,6,1,0,1.2246467991473532e-16,-1.0,0.23931566428755768,-0.970941817426052,1,78.77837437554419,0.2063070157637008,31.101873913812046,24.50155066963257,0,0,0,2,0,1.101873913812046,3,79.70812896194663,1.2796354720791125,28.891701686986494,21.97412976951507,4.9003101339265145,21.97412976951507,1,52.86181740335303,393.7510848045368,3.9864218299139265,0.948708511539174,-0.47284922902658705,0.6891759037397919
37.55836076169861,-115.94783082403625,2023-08-02,11S_592_4157,31,8,1,0,-0.8660254037844385,-0.5000000000000004,-0.5680647467311556,-0.8229838658936566,1,77.4336056951875,0.08251806435222588,36.68517871250232,28.406656632813906,0,1,0,1,1,6.685178712502321,3,81.13106163394477,0.4551721061984668,34.44297605048773,27.234625472784845,2.8406656632813907,18.156416981856562,0,0.0,300.0,0.0,0.10000000000000009,0.8383978844148666,-0.019934103189041277
39.70369939233906,-123.2699641849759,2023-09-18,10S_476_4394,38,9,1,0,-1.0,-1.8369701987210297e-16,-0.992708874098054,-0.12053668025532357,2,81.22198093507394,1.3885727185206733,23.045136639737642,18.71771648798945,0,0,0,2,0,3.045136639737642,2,82.40643516598314,9.555360297735769,25.05332112668047,9.358858243994723,3.7435432975978897,9.358858243994723,0,0.0,300.0,0.0,0.10000000000000009,0.6027530377703414,1.0367940287657884
34.88810305190395,-119.98701821737235,2023-06-17,11S_227_3864,24,6,1,0,1.2246467991473532e-16,-1.0,0.23931566428755768,-0.970941817426052,1,78.42454628106576,0.17677718708471732,24.379737926795677,19.11969885360242,0,0,0,2,0,-5.620262073204323,2,82.75195154168229,1.3021903445745036,26.84115057801681,17.429735562979054,3.8239397707204836,17.429735562979054,0,0.0,300.0,0.0,0.10000000000000009,-0.6232199403089144,1.0919314531064834
39.40536654743338,-115.32236250240092,2023-08-27,11S_644_4363,34,8,1,0,-0.8660254037844385,-0.5000000000000004,-0.8229838658936564,-0.5680647467311559,1,90.66551984153497,0.09948835493901459,36.49844070317997,33.09150099759252,1,1,1,0,1,6.498440703179973,3,91.08449331845705,0.858748943857494,35.81846908053159,31.4453914992359,0.0,10.481797166411967,1,93.54393008057156,330.1249392855523,4.549064595059251,0.3727146297512687,1.509521447460182,1.0215688063275956
38.59609785698455,-118.72523969018093,2024-04-01,11S_349_4273,14,4,0,0,0.8660254037844387,-0.4999999999999998,0.992708874098054,-0.12053668025532288,0,102.27415111119863,0.5516616702160407,19.92841568575579,20.38161797251769,1,0,0,0,0,4.928415685755791,1,102.78840710836302,3.0147118368578854,18.569502728386603,14.759739266305502,0.0,4.9199130887685,1,50.105748758315215,339.9893437268514,3.9338969910447146,0.46201497254783863,-0.9240550260564094,1.1225401318724293
36.53615359246396,-122.6905795241157,2023-09-07,10S_527_4043,36,9,1,0,-1.0,-1.8369701987210297e-16,-0.9350162426854147,-0.3546048870425359,2,71.40815270699309,0.3085082199653861,15.670187878985914,11.189791690098982,0,0,0,1,0,-4.329812121014086,1,72.23906649918617,2.027248313245518,15.802208855134477,9.463720332051029,1.1189791690098982,6.309146888034019,0,0.0,300.0,0.0,0.10000000000000009,0.6740487386114175,-0.6091047602016569
41.31468517406263,-121.44218435407532,2023-07-25,10T_630_4574,30,7,1,0,-0.4999999999999997,-0.8660254037844388,-0.46472317204376806,-0.8854560256532101,1,83.81826829681992,0.48791370567584763,28.153065357924955,23.597411855484605,0,0,0,2,0,-1.8469346420750448,2,85.43915407795171,3.2191455591402565,29.660890783041307,17.84066152410027,4.719482371096921,17.84066152410027,1,49.45387411068135,335.54689464254284,3.921059534945116,0.42179843150414875,0.7408219245576322,2.336374382386407
41.73323303926872,-120.12403826952992,2023-06-11,10T_739_4624,23,6,1,0,1.2246467991473532e-16,-1.0,0.35460488704253584,-0.9350162426854147,1,74.01571388970623,0.0027283745191124583,31.99893159002527,23.68423765343593,0,1,0,0,0,1.9989315900252684,3,76.26722645876794,0.017682026397719312,31.997028297149782,23.65192791817681,0.0,7.883975972725604,0,0.0,300.0,0.0,0.10000000000000009,-0.36524783708554864,-0.9645851663754468
35.2036808466207,-116.42380274119701,2023-08-13,11S_552_3895,32,8,1,0,-0.8660254037844385,-0.5000000000000004,-0.663122658240795,-0.7485107481711013,1,90.52384928052784,0.22612122010904684,43.47185106206391,39.352392934878274,1,0,0,2,1,13.471851062063912,4,95.52712690269591,2.017021082605777,40.661045896136876,34.90318738255562,7.870478586975655,34.90318738255562,1,19.65518236202862,334.6234641526769,3.027966249762966,0.4134388128586899,0.7470648366112526,0.3525498775208831
39.55641913746381,-121.09548917692925,2023-07-06,10S_663_4380,27,7,1,0,-0.4999999999999997,-0.8660254037844388,-0.12053668025532283,-0.992708874098054,1,94.1795697008822,0.7819996936289955,29.438604819328887,27.725151344787115,1,0,0,1,0,-0.5613951806711128,2,91.43678326249189,5.958015795751271,30.945548788031903,16.884621416066587,2.7725151344787116,11.256414277377724,1,57.03857939082663,347.0018946914745,4.061107951335089,0.5254980960091453,-1.2204379995112473,-0.40615173668695725
36.31509461006027,-121.5548284671864,2023-06-03,10S_629_4019,22,6,1,0,1.2246467991473532e-16,-1.0,0.46472317204376906,-0.8854560256532096,1,87.24361393528127,0.2739519682894382,37.66726742726778,32.86228537421546,0,0,0,0,1,7.667267427267781,3,88.34667358856622,1.8742466880839175,35.468246700482844,28.36094149383769,0.0,9.453647164612564,1,38.39036117554898,393.26115047176404,3.6735211461600965,0.9442732408520516,-0.4440434210198581,-1.7074587176739675
38.30252638335287,-116.94539673942424,2024-04-03,11S_504_4239,14,4,0,0,0.8660254037844387,-0.4999999999999998,0.992708874098054,-0.12053668025532288,0,78.76822925848673,0.48803421715945067,13.94440738734926,10.983762779604625,0,0,0,0,0,-1.0555926126507398,1,78.25750519002729,4.361029291620029,13.17305118846815,8.303536744799898,0.0,2.767845581599966,0,0.0,300.0,0.0,0.10000000000000009,-0.36215037238448156,0.9152246508615657
40.510590589965545,-117.11586653992843,2023-09-05,11T_490_4484,36,9,1,0,-1.0,-1.8369701987210297e-16,-0.9350162426854147,-0.3546048870425359,2,95.41669665315335,1.810499482495133,18.781671938954187,17.920850940382344,1,0,0,1,0,-1.2183280610458134,1,94.21197542878264,12.47532412422364,16.33559635347496,8.960425470191172,1.7920850940382345,5.973616980127448,0,0.0,300.0,0.0,0.10000000000000009,-0.5160682298177937,0.2264754405205206
40.36045217943185,-122.888350074552,2023-08-28,10T_509_4467,35,8,1,0,-0.8660254037844385,-0.5000000000000004,-0.8854560256532096,-0.4647231720437691,1,95.00240957136477,0.011936865205887846,26.01929006835533,24.718952518300366,1,1,1,2,0,-3.9807099316446717,2,95.70118425787958,0.06909708629128615,27.124623788839102,24.571419116179516,4.9437905036600736,24.571419116179516,1,58.20966748584091,328.3671262206997,4.08108483068331,0.35680152418085775,0.9376960019210123,0.5813984026645552
36.885620845842816,-117.52147451625177,2023-09-25,11S_453_4082,39,9,1,0,-1.0,-1.8369701987210297e-16,-1.0,-1.8369701987210297e-16,2,89.47703450757902,0.014519903362556494,22.84048454284015,20.436988236095335,0,1,1,3,0,2.8404845428401515,2,87.8595952215198,0.11346051142246272,20.393516243828216,20.28861668899043,6.1310964708286,27.051488918653906,1,39.07398811786303,354.90574346630433,3.6907274484666197,0.5970499478421383,-0.4042248920035847,-0.5497171492998933
41.93875700800411,-119.1925703402445,2023-09-15,11T_318_4645,37,9,1,0,-1.0,-1.8369701987210297e-16,-0.970941817426052,-0.23931566428755774,2,58.381108927238834,0.4667578007432159,15.998591833122635,9.340155324919662,0,0,0,3,0,-4.001408166877365,1,60.735719923267325,3.6161694126130066,18.162271264049583,7.160360145889893,2.8020465974758983,9.547146861186524,1,31.88279822048142,380.94447973257354,3.4929496705960767,0.8327730559531714,0.7309357073671774,-1.7381624926385568
37.125182089590346,-120.8110067871588,2023-08-18,10S_694_4111,33,8,1,0,-0.8660254037844385,-0.5000000000000004,-0.7485107481711011,-0.6631226582407952,1,90.08582351689655,0.07237129558294955,26.71482598890243,24.066270993208658,1,1,1,1,0,-3.2851740110975705,2,86.50977960172307,0.3662722865286843,25.721297612500862,23.195417387394222,2.4066270993208656,15.463611591596148,1,6.995221707642347,370.01545231688937,2.0788440766884615,0.733834909158658,0.3054559271705657,-0.4613352482625718
37.24383193655072,-122.10633368037892,2023-09-21,10S_579_4122,38,9,1,0,-1.0,-1.8369701987210297e-16,-0.992708874098054,-0.12053668025532357,2,74.9264373025084,0.3139386268951734,22.305962596487337,16.71306307957806,0,0,0,3,0,2.305962596487337,2,81.69434224925034,1.579558228374461,21.033201195335995,14.089625042370486,5.013918923873417,18.786166723160648,1,31.95386580242825,360.48229822777955,3.495108577357368,0.6475333049253758,-0.17896782860790428,1.6923641149777955
40.61362170217653,-122.81964993938884,2023-07-04,10T_515_4495,27,7,1,0,-0.4999999999999997,-0.8660254037844388,-0.12053668025532283,-0.992708874098054,1,95.77271446783516,0.2561508870453428,37.855981582302036,36.25570114981439,1,0,0,2,1,7.855981582302036,3,96.50915988835976,2.08490621519687,36.26763080536392,31.612236144826486,7.251140229962878,31.612236144826486,0,0.0,300.0,0.0,0.10000000000000009,-0.7576772511649141,-1.1132427784107692
35.250468925947764,-121.2628766055166,2024-04-06,10S_658_3902,14,4,0,0,0.8660254037844387,-0.4999999999999998,0.992708874098054,-0.12053668025532288,0,66.48607932342836,0.07005109855282496,22.569306939323212,15.005447314426451,0,1,0,0,0,7.569306939323212,2,60.7511061503922,0.45619386972388326,25.38819835986687,14.479873280100398,0.0,4.826624426700133,0,0.0,300.0,0.0,0.10000000000000009,0.676114608899409,1.6271681129623914
41.74544586122924,-115.54794756424468,2024-02-09,11T_620_4622,6,2,0,1,0.8660254037844386,0.5000000000000001,0.6631226582407952,0.7485107481711011,3,99.63561169794853,1.4824219882187042,11.417535236023342,11.37593107324067,1,0,0,2,0,1.4175352360233422,1,99.74207168424537,7.695009512909575,10.019398985083825,5.687965536620335,2.275186214648134,5.687965536620335,0,0.0,300.0,0.0,0.10000000000000009,-1.1411065630487751,-0.6739498523674217
39.272237889808736,-117.25228516964665,2023-08-30,11S_478_4347,35,8,1,0,-0.8660254037844385,-0.5000000000000004,-0.8854560256532096,-0.4647231720437691,1,69.8517203776907,0.24294034615959392,28.099248754689597,19.627808668357513,0,0,0,1,0,-1.9007512453104027,2,74.31047201164417,1.3561223281721304,25.73394407828522,17.24361535223499,1.9627808668357514,11.49574356815666,1,186.18242713593284,385.6629495549305,5.232083687500116,0.8754883536803852,1.1328999970015416,1.3006366429672418
37.39419697201746,-122.30041925214981,2023-09-24,10S_561_4138,38,9,1,0,-1.0,-1.8369701987210297e-16,-0.992708874098054,-0.12053668025532357,2,75.8405684772129,0.6773062508257764,21.73009894256368,16.48023056870112,0,0,0,2,0,1.7300989425636786,2,75.43479376154484,5.0502011734171965,21.06300892662953,10.899148979085469,3.296046113740224,10.899148979085469,0,0.0,300.0,0.0,0.10000000000000009,-0.2739594648364156,-0.587401735473609
32.56954358835978,-120.59529071665325,2023-09-12,10S_725_3606,37,9,1,0,-1.0,-1.8369701987210297e-16,-0.970941817426052,-0.23931566428755774,2,80.49958614763767,0.5419699746885279,26.10649461495855,21.015620122696944,0,0,0,2,0,6.1064946149585495,2,78.11738485714216,2.6862755100243265,27.36995116859234,15.320702569716055,4.203124024539389,15.320702569716055,0,0.0,300.0,0.0,0.10000000000000009,3.385849443340993,-0.6325603738087361
36.17051603197403,-124.33265302737836,2023-07-19,10S_380_4003,29,7,1,0,-0.4999999999999997,-0.8660254037844388,-0.3546048870425356,-0.9350162426854148,1,82.89225639474185,0.0294865109665107,18.971721858261816,15.726088325247668,0,1,0,0,0,-11.028278141738184,1,83.24127810607109,0.17086079985707148,18.93983208626594,15.494234587316303,0.0,5.164744862438767,0,0.0,300.0,0.0,0.10000000000000009,-0.5572325079903072,-1.0758671407121574
41.03560354432145,-124.32153296381622,2023-06-28,10T_388_4543,26,6,1,0,1.2246467991473532e-16,-1.0,-3.216245299353273e-16,-1.0,1,95.98781630300839,0.01806947449227955,23.22241017670212,22.290684421543958,1,1,1,2,0,-6.77758982329788,2,91.32993966310733,0.11406198333855089,25.915110487618254,22.089293944758683,4.458136884308791,22.089293944758683,0,0.0,300.0,0.0,0.10000000000000009,3.2379293990519105,0.04193865567029709
33.51895142819957,-118.80428076670792,2023-09-20,11S_332_3710,38,9,1,0,-1.0,-1.8369701987210297e-16,-0.992708874098054,-0.12053668025532357,2,90.1886486257491,0.2856786444942463,21.93656483175475,19.78429137667094,1,0,0,2,0,1.936564831754751,2,88.70124805112891,2.5792036825380835,20.095350365390896,16.95831660528766,3.956858275334188,16.95831660528766,1,47.5874903609354,382.4039008197598,3.883366097792634,0.8459848827943985,-0.5016745541283811,-0.2745170199150943
40.997363075731215,-115.19759619564431,2023-09-08,11T_651_4540,36,9,1,0,-1.0,-1.8369701987210297e-16,-0.9350162426854147,-0.3546048870425359,2,88.40039948781649,0.24103925047251848,19.456850565304467,17.19993362747663,0,0,0,2,0,-0.5431494346955326,1,95.83301985853959,1.1953847862559182,15.643476265105011,15.127004072604612,3.439986725495326,15.127004072604612,0,0.0,300.0,0.0,0.10000000000000009,-0.6701120789400221,1.1710187323640697
33.05553918943037,-119.52233887717877,2023-09-17,11S_264_3660,37,9,1,0,-1.0,-1.8369701987210297e-16,-0.970941817426052,-0.23931566428755774,2,84.92992240717163,1.2384509849213035,21.759409113688562,18.480249276514726,0,0,0,3,0,1.7594091136885623,2,86.27489239606099,7.418266838948163,25.341842028913877,9.240124638257363,5.544074782954418,12.320166184343151,1,4.151106591838757,324.1761088716659,1.63921156379562,0.3188611408397022,0.1204171660628447,-1.4956599429516546
34.77734181839542,-119.07425928768659,2024-03-22,11S_310_3850,12,3,0,0,1.0,6.123233995736766e-17,0.992708874098054,0.120536680255323,0,77.45714077610138,2.2839276955746564,18.942610876245304,14.672404773082416,0,0,0,1,0,3.942610876245304,1,75.14059784551414,13.004840168568558,15.946045201545116,7.336202386541209,1.4672404773082417,4.890801591027473,0,0.0,300.0,0.0,0.10000000000000009,-0.11965360500954617,0.7705998920200375
35.54314298879208,-123.07084346031363,2024-01-03,10S_493_3933,1,1,0,1,0.49999999999999994,0.8660254037844387,0.12053668025532305,0.992708874098054,3,78.00454633504978,1.6699273756767345,8.484476277146682,6.618277228893191,0,0,0,2,0,-1.5155237228533185,0,77.63448927366979,13.895393210212621,8.677849686849655,3.3091386144465953,1.323655445778638,3.3091386144465953,1,36.3631019303328,373.9194461401372,3.620683638027832,0.7691769299330828,-1.1942065106835404,0.08016607677698412
41.23947092543694,-118.22715125718994,2024-03-07,11T_397_4566,10,3,0,0,1.0,6.123233995736766e-17,0.9350162426854148,0.35460488704253557,0,90.99208591552411,1.4568901804691146,11.386080905586997,10.360432520022806,1,0,0,0,0,-3.613919094413003,1,89.96974435477435,9.645017844282403,11.822448191366448,5.180216260011403,0.0,1.7267387533371343,0,0.0,300.0,0.0,0.10000000000000009,0.7344662588870092,1.9294896931668342
38.66045147192971,-122.45361546243845,2023-06-26,10S_547_4279,26,6,1,0,1.2246467991473532e-16,-1.0,-3.216245299353273e-16,-1.0,1,82.27363990587942,0.28924933634764727,36.71303254184933,30.205148192009446,0,0,0,2,1,6.71303254184933,3,79.88216319388428,1.554165736648329,39.31355713320293,25.836738657598914,6.04102963840189,25.836738657598914,0,0.0,300.0,0.0,0.10000000000000009,1.3743390414780061,1.3789090755928597
35.29056785775105,-115.80392556098488,2023-09-26,11S_608_3905,39,9,1,0,-1.0,-1.8369701987210297e-16,-1.0,-1.8369701987210297e-16,2,63.30934153160612,1.9663422781400748,18.582289921093427,11.764325390538259,0,0,0,2,0,-1.4177100789065733,1,65.40580959421455,10.425594818134433,18.866796398480272,5.8821626952691295,2.352865078107652,5.8821626952691295,1,106.01005915309926,364.20153079116324,4.6729228408197985,0.681202721546192,-0.6629128943201945,-0.7501153444335237
40.48964796640618,-120.82104836212802,2023-07-11,10T_684_4484,28,7,1,0,-0.4999999999999997,-0.8660254037844388,-0.23931566428755743,-0.9709418174260521,1,76.46148943735662,0.14883347606114722,25.52892098322756,19.519793221061658,0,0,0,2,0,-4.471079016772439,2,75.7111294379016,0.8560143881306064,26.60015434333531,18.06719388251895,3.9039586442123317,18.06719388251895,0,0.0,300.0,0.0,0.10000000000000009,0.06802588048252449,0.6343929483359559
32.603856805672365,-116.2139008100135,2023-09-12,11S_573_3607,37,9,1,0,-1.0,-1.8369701987210297e-16,-0.970941817426052,-0.23931566428755774,2,74.22044426032771,1.026683536991892,20.65866585518551,15.332953575975313,0,0,0,3,0,0.6586658551855109,2,72.12760539922587,6.4629257508111655,18.615416127573116,7.6664767879876585,4.599886072792595,10.22196905065021,0,0.0,300.0,0.0,0.10000000000000009,0.9840705660148915,0.04723059747171665
37.392860394077694,-116.56275909711472,2023-07-08,11S_538_4138,27,7,1,0,-0.4999999999999997,-0.8660254037844388,-0.12053668025532283,-0.992708874098054,1,96.59686880821828,0.21574572585074342,44.48094235894148,42.9671975351259,1,0,0,0,1,14.480942358941483,4,95.18402882808367,1.434753906298334,48.38527934140596,38.33220292513189,0.0,12.777400975043962,0,0.0,300.0,0.0,0.10000000000000009,-1.4593738837577137,-0.8931335477332053
33.946453164438665,-118.77264344747394,2023-09-09,11S_336_3757,36,9,1,0,-1.0,-1.8369701987210297e-16,-0.9350162426854147,-0.3546048870425359,2,95.55182380780214,0.7311346719963976,16.441892534199482,15.710528184946464,1,0,0,1,0,-3.558107465800518,1,95.28637037935972,3.9807155506804244,18.679937399052854,9.967272249250966,1.5710528184946464,6.644848166167311,1,139.723135480469,348.13324380309354,4.946794381878547,0.5357399574505921,-1.0931141643630347,-0.23918896357575548
41.78925935527274,-123.31980382814028,2024-05-16,10T_473_4626,20,5,0,0,0.49999999999999994,-0.8660254037844387,0.6631226582407952,-0.7485107481711012,0,80.02987290156446,0.6945463035679914,16.82981998429958,13.468883542997048,0,0,0,0,0,1.8298199842995793,1,81.73854218391617,5.337036578537915,17.845841389356956,8.791501904008872,0.0,2.930500634669624,1,41.7322509402996,375.96041401471086,3.7549539264875254,0.7876533754114488,1.2723406824626247,0.627357560597651
37.81145858295964,-118.18948467053552,2023-07-01,11S_395_4185,26,7,1,0,-0.4999999999999997,-0.8660254037844388,-3.216245299353273e-16,-1.0,1,67.15952651411263,0.4480602149777948,31.172859724129665,20.935544991634,0,0,0,2,0,1.1728597241296654,3,68.12121414761,2.9646084730465874,33.01019805621101,16.245352596819586,4.1871089983268,16.245352596819586,1,4.403631662620137,331.25600995378653,1.6870712576380344,0.38295397050432944,-1.3369620689553716,-0.2971950668332761
40.37101541638468,-115.38605901458486,2023-06-08,11T_637_4470,23,6,1,0,1.2246467991473532e-16,-1.0,0.35460488704253584,-0.9350162426854147,1,72.43497381336864,0.002779474922422352,31.55997538019373,22.860459902148918,0,1,0,1,0,1.5599753801937304,3,73.40323180339385,0.023883155157844945,30.263979338591913,22.828689864642385,2.286045990214892,15.219126576428257,0,0.0,300.0,0.0,0.10000000000000009,1.5955186201159495,0.8540173384420824
40.14707404343092,-123.64746223694347,2023-09-27,10T_444_4444,39,9,1,0,-1.0,-1.8369701987210297e-16,-1.0,-1.8369701987210297e-16,2,76.33974823204659,1.8182419868124524,31.343380637779514,23.927457866292922,0,0,0,3,0,11.343380637779514,3,72.12462005431274,15.603666930858516,32.5019301615216,11.96372893314646,7.178237359887876,15.951638577528612,1,128.21540118511902,383.0780016342065,4.861480788463431,0.8520873732354337,-1.7088428236083077,1.054026935979211
36.1738089348665,-119.26540307729171,2023-09-01,11S_296_4005,35,9,1,0,-1.0,-1.8369701987210297e-16,-0.8854560256532096,-0.4647231720437691,2,86.03696640556005,1.1380463797755818,24.117431668630164,20.749906582623236,0,0,0,1,0,4.117431668630164,2,90.06826336965024,8.3934132677735,23.561832897147962,10.374953291311618,2.0749906582623234,6.916635527541079,1,94.8683286136852,368.0682392821874,4.562975673054439,0.7162072061856506,-1.3648259532187628,0.533322871548892
39.72630703564361,-122.55817730804023,2024-05-02,10S_537_4397,18,5,0,0,0.49999999999999994,-0.8660254037844387,0.8229838658936565,-0.5680647467311557,0,82.89364808230279,0.2816360895540823,15.685100279788278,13.001951827283985,0,0,0,0,0,0.6851002797882781,1,83.27624911790564,1.4636648846847153,14.223319644568393,11.171042392680576,0.0,3.723680797560192,0,0.0,300.0,0.0,0.10000000000000009,-0.11228891924285653,1.3167070569972874
38.23531806140572,-116.12068115506892,2024-04-04,11S_576_4232,14,4,0,0,0.8660254037844387,-0.4999999999999998,0.992708874098054,-0.12053668025532288,0,93.90298616864013,0.18682534777191603,11.836103508527149,11.114454640518177,1,0,0,1,0,-3.163896491472851,1,93.6324716746168,1.5957767387235031,12.45389709144818,10.07622371376318,1.1114454640518177,6.717482475842121,1,181.1911262641866,322.5620975076475,5.205056280369709,0.30424984129880217,0.33075141157709936,-1.439706710928075
33.408319944294945,-123.56749960335033,2024-04-09,10S_447_3696,15,4,0,0,0.8660254037844387,-0.4999999999999998,0.9709418174260521,-0.2393156642875575,0,101.39804917194303,0.567424987587873,14.401509707946905,14.602849895166152,1,0,0,0,0,-0.5984902920530946,1,103.53492326799785,4.92119180472262,12.284598446379905,10.459838934910037,0.0,3.4866129783033455,1,21.780633389075703,329.56113305071534,3.1259107622451245,0.3676106125405605,1.0709763380256008,-0.11554773171818924
33.87576332457011,-118.01325436086347,2023-06-29,11S_406_3748,26,6,1,0,1.2246467991473532e-16,-1.0,-3.216245299353273e-16,-1.0,1,79.09770923300704,0.09349732719986018,29.32223683977341,23.193217636137643,0,1,0,2,0,-0.6777631602265899,2,78.50705085969699,0.6019921498019406,29.791008368749925,22.108965707065877,4.638643527227528,22.108965707065877,1,27.71708419650803,327.29312390361116,3.357492213834768,0.34707881100024496,0.8755772800316177,-0.30507993257899024
33.972754175096796,-122.33438512375082,2023-08-23,10S_561_3759,34,8,1,0,-0.8660254037844385,-0.5000000000000004,-0.8229838658936564,-0.5680647467311559,1,81.96835675180655,0.1134776984255943,28.266010407945206,23.169184250687298,0,0,0,1,0,-1.7339895920547939,2,86.78808845396887,0.679148716603478,27.20418595481661,21.854591399104038,2.31691842506873,14.569727599402691,1,79.59454024170537,398.6470596675151,4.38943090828154,0.9930307244197496,-0.032106164298692064,-0.3817006313277366
39.8534683842382,-122.11232897401257,2023-07-02,10S_575_4411,26,7,1,0,-0.4999999999999997,-0.8660254037844388,-3.216245299353273e-16,-1.0,1,83.41179387327821,0.2570675179049784,34.64898854890923,28.90134290759194,0,0,0,1,0,4.64898854890923,3,83.16655589150082,1.5709921079438398,33.90167992415308,25.186544664904286,2.890134290759194,16.79102977660286,1,77.14495199526907,389.04967168308525,4.358565460990674,0.906147624475766,0.7417759311582913,0.25631487962833494
41.48802995674591,-123.02627433801266,2024-03-29,10T_497_4592,13,3,0,0,1.0,6.123233995736766e-17,1.0,-1.6081226496766366e-16,0,70.53650855442343,0.46172196547697214,19.0730134325349,13.45343775142631,0,0,0,0,0,4.0730134325349,1,74.64047633285863,3.1275272364695703,16.464474246942867,10.347563890920984,0.0,3.449187963640328,0,0.0,300.0,0.0,0.10000000000000009,-0.8116197777433318,-0.3633183532176384
40.8334613820723,-120.93401730593922,2023-07-10,10T_674_4522,28,7,1,0,-0.4999999999999997,-0.8660254037844388,-0.23931566428755743,-0.9709418174260521,1,80.89457765212055,0.05860959602941304,24.93524955200053,20.171264811593108,0,1,0,2,0,-5.064750447999469,2,84.49420947872797,0.40533633204430713,23.845443113467155,19.580149970588216,4.034252962318622,19.580149970588216,1,170.57880918440688,377.96738338235133,5.145042689827035,0.8058220396809466,1.048450435845018,-0.5484334086729357
33.327035561536476,-121.51433106215502,2023-10-11,10S_638_3688,41,10,0,1,-0.8660254037844386,0.5000000000000001,-0.9709418174260521,0.23931566428755738,2,87.53050071869893,1.1524855328192902,12.889574206416077,11.282308843384255,0,0,0,2,0,-7.110425793583923,1,84.91907262729235,7.617207782424888,9.313933437015342,5.641154421692128,2.256461768676851,5.641154421692128,1,29.289842092900013,377.260388109273,3.410812411849592,0.799421762744092,-0.6592020738738493,-0.38132404600598285
37.14749445983321,-118.71843290858384,2024-04-17,11S_347_4112,16,4,0,0,0.8660254037844387,-0.4999999999999998,0.9350162426854148,-0.35460488704253545,0,67.21634281603545,0.15983437133062367,21.62180654408694,14.533387609693467,0,0,0,0,0,6.62180654408694,2,66.96641187362926,1.0173985556818932,21.17173932606754,13.37192017374365,0.0,4.457306724581216,0,0.0,300.0,0.0,0.10000000000000009,-1.987767759141324,-0.9970044546817572
38.056100360781755,-119.90776833148618,2023-08-12,11S_244_4216,32,8,1,0,-0.8660254037844385,-0.5000000000000004,-0.663122658240795,-0.7485107481711013,1,81.39569135680814,0.1848569806673043,24.44191411720747,19.894664976538312,0,0,0,1,0,-5.558085882792529,2,80.72665968852486,1.5642072861245688,22.46555331179336,18.05583112706309,1.9894664976538312,12.037220751375393,0,0.0,300.0,0.0,0.10000000000000009,-1.4747533192325204,-0.539252185063419
37.97232020642342,-118.31802075777154,2023-06-22,11S_384_4203,25,6,1,0,1.2246467991473532e-16,-1.0,0.12053668025532308,-0.992708874098054,1,89.6687526134039,0.025140316647047318,32.370642216778826,29.02635108873349,0,1,1,2,0,2.370642216778826,3,86.89953566792269,0.21277104892510992,31.34512460533016,28.66148525999392,5.805270217746698,28.66148525999392,0,0.0,300.0,0.0,0.10000000000000009,1.1891814046873233,-0.09324809676042414
40.85407875132249,-114.97613670526623,2023-06-03,11T_670_4524,22,6,1,0,1.2246467991473532e-16,-1.0,0.46472317204376906,-0.8854560256532096,1,75.89602567431027,0.07004717098571828,25.138820096247404,19.0793653544666,0,1,0,0,0,-4.861179903752596,2,71.83989336698822,0.40007831111684933,24.587063483781474,18.411137570824945,0.0,6.137045856941648,1,22.200288955715443,389.36270241750213,3.144164733582436,0.9089814247376711,0.5541038082618087,1.54086587204532
37.759601209170484,-119.09375313088515,2023-06-28,11S_315_4181,26,6,1,0,1.2246467991473532e-16,-1.0,-3.216245299353273e-16,-1.0,1,86.48235095042352,0.16602421880967286,34.25111090880097,29.621165940568048,0,0,0,1,0,4.2511109088009675,3,83.742708157347,0.8762202194113186,33.69500573177768,27.1622504728108,2.9621165940568046,18.108166981873868,0,0.0,300.0,0.0,0.10000000000000009,-0.3191285491316234,0.16027045177811472
40.798557536013604,-121.65618592286322,2023-08-23,10T_613_4517,34,8,1,0,-0.8660254037844385,-0.5000000000000004,-0.8229838658936564,-0.5680647467311559,1,63.066733386534224,0.10288184586916393,31.058238324600538,19.587416358730216,0,0,0,2,0,1.0582383246005378,3,64.68384903790496,0.6974085839120916,30.818453640908363,18.579821583333203,3.9174832717460433,18.579821583333203,1,13.860187786790545,333.12407427481713,2.698685676275079,0.3998651571073091,-0.33173689609943713,-0.8018763166681396
39.46198044066613,-118.49386747027617,2023-08-31,11S_371_4369,35,8,1,0,-0.8660254037844385,-0.5000000000000004,-0.8854560256532096,-0.4647231720437691,1,73.54625607362986,0.1894663620215901,32.33424101410829,23.780623695700733,0,0,0,1,0,2.3342410141082865,3,77.55072042679346,1.4347677777795147,31.846682535363627,21.527809566586313,2.378062369570073,14.351873044390876,0,0.0,300.0,0.0,0.10000000000000009,1.3685286231015934,-0.2129879085950283
35.0938653702896,-116.77139347504001,2023-09-20,11S_520_3883,38,9,1,0,-1.0,-1.8369701987210297e-16,-0.992708874098054,-0.12053668025532357,2,82.47634074839932,0.08460256181708105,20.208968889932294,16.66761804339857,0,1,0,2,0,0.20896888993229368,2,80.51441263081729,0.7121797868804021,18.665054900968492,15.96255645046851,3.3335236086797138,15.96255645046851,1,35.092319226703346,372.1871807039363,3.586080078898175,0.7534951015786264,-0.017338803982844292,0.5873134696783455
39.89360440640585,-116.30438153525931,2024-04-17,11S_559_4416,16,4,0,0,0.8660254037844387,-0.4999999999999998,0.9350162426854148,-0.35460488704253545,0,86.6524206293106,1.6539594376871898,21.830376072138556,18.916549298989874,0,0,0,0,0,6.830376072138556,2,87.96601484380679,11.60391410578453,20.777656289983042,9.458274649494939,0.0,3.152758216498313,1,15.171602670819675,335.6033891590363,2.783256782519225,0.422309864274268,1.2663523522276428,1.2362810867135863
41.9064239158311,-121.25171724513018,2023-09-14,10T_645_4640,37,9,1,0,-1.0,-1.8369701987210297e-16,-0.970941817426052,-0.23931566428755774,2,70.61013462151462,2.5107813472704157,16.781161247846534,11.84920054815788,0,0,0,1,0,-3.2188387521534665,1,73.17483859409106,20.38157164918967,15.74624233752083,5.92460027407894,1.1849200548157879,3.9497335160526266,0,0.0,300.0,0.0,0.10000000000000009,-0.8678086285005043,0.31105720316511637
33.96806762891973,-115.7188411679884,2023-12-13,11S_618_3759,50,12,0,1,-2.4492935982947064e-16,1.0,-0.2393156642875578,0.970941817426052,3,85.0016028123299,0.5266578173927161,5.0,4.250080140616495,0,0,0,3,0,-5.0,0,84.52244144000008,4.7528916786260575,5.751362641511163,3.1309111753158896,1.2750240421849486,4.174548233754519,0,0.0,300.0,0.0,0.10000000000000009,-1.2520749437540948,-0.2523651511301292
34.58179712002207,-122.81837720681271,2023-06-27,10S_516_3826,26,6,1,0,1.2246467991473532e-16,-1.0,-3.216245299353273e-16,-1.0,1,89.74413386819928,0.08128336164876417,38.320534886585165,34.390432127627,0,1,1,0,1,8.320534886585165,3,90.49204555658022,0.5798311141579395,42.943688886027054,32.99274716168341,0.0,10.997582387227803,0,0.0,300.0,0.0,0.10000000000000009,-1.1672166919407991,-0.20885706314141814
41.64164519305931,-119.55555822825966,2023-06-02,11T_287_4613,22,6,1,0,1.2246467991473532e-16,-1.0,0.46472317204376906,-0.8854560256532096,1,98.76132192950601,0.017487325318734287,35.1580506330516,34.72255556984682,1,1,1,0,1,5.158050633051602,3,95.93989167109972,0.12382326612685603,35.26645210516074,34.418953257272946,0.0,11.472984419090983,1,52.33743254192543,381.0241058936971,3.976638383773228,0.8334938945528272,-1.585702353225302,-1.3770340767018896
36.933813576364734,-119.68670414705281,2023-11-09,11S_260_4090,45,11,0,1,-0.5000000000000004,0.8660254037844384,-0.7485107481711011,0.6631226582407952,2,82.01682773858042,0.35141820033583365,10.744765357581084,8.812515694241942,0,0,0,2,0,-9.255234642418916,1,85.473529378083,1.8442636843773075,8.166138849017797,7.2640764913910445,1.7625031388483883,7.2640764913910445,0,0.0,300.0,0.0,0.10000000000000009,0.12008640008468977,-1.3681357093256945
35.23250458888322,-117.41938233846875,2023-07-09,11S_461_3898,27,7,1,0,-0.4999999999999997,-0.8660254037844388,-0.12053668025532283,-0.992708874098054,1,71.40311032193962,0.04411084531438217,37.87337030357279,27.042764380496802,0,1,0,1,1,7.873370303572791,3,73.54165836483506,0.36894383184122365,37.88271657051143,26.44632478226611,2.70427643804968,17.630883188177407,1,94.63213748790326,383.2425449297541,4.560508929757618,0.8535769484839668,1.6215999863760846,-0.36332491582665993
38.40641457556979,-114.29813791081875,2024-03-28,11S_735_4254,13,3,0,0,1.0,6.123233995736766e-17,1.0,-1.6081226496766366e-16,0,82.50461852943685,0.9357684205912473,13.897341603126113,11.465948675391923,0,0,0,1,0,-1.1026583968738866,1,86.24675158108188,7.031782061271071,14.93350402953574,6.101212334116022,1.1465948675391924,4.067474889410682,0,0.0,300.0,0.0,0.10000000000000009,-0.5878594376972548,-0.18498410782953886
